entry_date,title,artist,peak,peak_date,weeks_top_ten,year,spotify_uri
October 9,"""My Love Is Your Love""",Whitney Houston,4,January 1,17,2000,spotify:track:1ckU1EhAO0Nr73QYw24SWJ
December 4,"""I Knew I Loved You""",Savage Garden,1,January 29,17,2000,spotify:track:6nozDLxeL0TE4MS9GqYU1v
December 25,"""Bring It All to Me""",Blaque,5,January 22,9,2000,spotify:track:1cjBan0t4eBk2Y5j17hdyf
January 8,"""Auld Lang Syne""",Kenny G,7,January 8,2,2000,spotify:track:7h4FywzqhgZrrvpiLDJ2vw
January 15,"""What a Girl Wants""",Christina Aguilera,1,January 15,7,2000,spotify:track:5bGmuxShUba9maPswDnhCs
January 22,"""Blue Da Ba Dee""",Eiffel 65,6,January 29,4,2000,spotify:track:2yAVzRiEQooPEJ9SYx11L3
January 29,"""Thats the Way It Is""",Céline Dion,6,March 4,9,2000,spotify:track:5s4catxeZsaWFnOrvrXZHf
February 5,"""Get It On Tonite""",Montell Jordan,4,February 12,12,2000,spotify:track:0AcLrSfAEBQcUnHOTm5pXg
February 12,"""All the Small Things""",Blink-182,6,February 19,5,2000,spotify:track:2m1hi0nfMR9vdGC8UcrnwU
February 19,"""Show Me the Meaning of Being Lonely""",Backstreet Boys,6,March 18,8,2000,spotify:track:3BsaRV5QIulYz2lV9WWa8T
February 26,"""Amazed""",Lonestar,1,March 4,12,2000,spotify:track:6qc34bnVOyqGDPni8H5W0U
February 26,"""Breathe""",Faith Hill,2,April 22,19,2000,spotify:track:3y4LxiYMgDl4RethdzpmNe
March 4,"""Bye Bye Bye""",'N Sync,4,April 15,12,2000,spotify:track:62bOmKYxYg7dhrC6gH9vFn
March 18,"""Say My Name""",Destiny's Child,1,March 18,11,2000,spotify:track:7H6ev70Weq6DdpZyyTmUXk
April 1,"""Thong Song""",Sisqó,3,May 20,13,2000,spotify:track:5Mmk2ii6laakqfeCT7OnVD
April 8,"""There You Go""",Pink,7,April 8,7,2000,spotify:track:2qQTfMHztlpMT4YclPhjG0
April 15,"""I Try""",Macy Gray,5,May 20,9,2000,spotify:track:5TAf4lnZCZTLlZHNZMLFLi
April 22,"""It Feels So Good""",Sonique,8,April 22,3,2000,spotify:track:4Y8q64VnhD0vFYy9g2WFpi
April 22,"""Everything You Want""",Vertical Horizon,1,July 15,19,2000,spotify:track:4cKGldbhGJniI8BrB3K6tb
April 29,"""He Wasnt Man Enough""",Toni Braxton,2,May 6,7,2000,spotify:track:7f1Dmr246cJ9uQYdbplTbh
May 13,"""Be with You""",Enrique Iglesias,1,June 24,10,2000,spotify:track:1lZ4j5WBURBwZ0M5TT46wP
May 20,"""Try Again""",Aaliyah,1,June 17,15,2000,spotify:track:6Wnlq1Pu3I0BajLvxn05Vr
May 27,"""You Sang to Me""",Marc Anthony,2,June 3,6,2000,spotify:track:2dwhMQsFeHr2S787WxqAqW
June 3,"""I Wanna Know""",Joe,4,July 1,16,2000,spotify:track:1m2xMsxbtxv21Brome189p
June 10,"""The Real Slim Shady""",Eminem,4,June 24,7,2000,spotify:track:3yfqSUWxFvZELEM4PmlwIR
June 10,"""Oops! I Did It Again""",Britney Spears,9,June 10,3,2000,spotify:track:6naxalmIoLFWR0siv8dnQQ
June 24,"""Its Gonna Be Me""",'N Sync,1,July 29,11,2000,spotify:track:2AW37v0bDyuOzGP3XnmFuA
July 1,"""I Turn to You""",Christina Aguilera,3,July 1,4,2000,spotify:track:4Do68W4FWO2hRAJCzG1lus
July 8,"""Bent""",Matchbox Twenty,1,July 22,14,2000,spotify:track:6fA7akEuTUL3dW1V0GELaZ
July 8,"""Higher""",Creed,7,July 22,6,2000,spotify:track:1ZozJfi8u9cO2Ob8KwiwNT
July 22,"""Absolutely Story of a Girl""",Nine Days,6,July 22,7,2000,spotify:track:3mNecsYFb6LQg7822DPXCP
July 29,"""Jumpin, Jumpin""",Destiny's Child,3,August 19,16,2000,spotify:track:4pmc2AxSEq6g7hPVlJCPyP
August 5,"""Incomplete""",Sisqó,1,August 12,13,2000,spotify:track:3w8Mw9GHYepoTWOSdiyosj
August 5,"""Doesnt Really Matter""",Janet Jackson,1,August 26,12,2000,spotify:track:0ekdT3jOhn3LinWtqHhmsw
August 19,"""No More""",Ruff Endz,5,September 2,6,2000,spotify:track:2WfhlEjoUII31H6imnQdvF
September 2,"""Kryptonite""",3 Doors Down,3,November 11,18,2000,spotify:track:6ZOBP3NvffbU4SZcrnt1k6
September 2,"""Wifey""",Next,7,September 9,3,2000,spotify:track:1NNDZc9BHaWe9JqIsPRlNV
September 9,"""Music""",Madonna,1,September 16,12,2000,spotify:track:2BcOZ4vOeu2qZowIHrvTYy
September 9,"""Country Grammar Hot Shit""",Nelly,7,September 16,5,2000,spotify:track:3wMUvT6eIw2L5cZFG1yH9j
September 23,"""Come On Over Baby All I Want Is You""",Christina Aguilera,1,October 14,8,2000,spotify:track:7A0apkTSTvMbSI7yplcmlh
September 30,"""Give Me Just One Night Una Noche""",98 Degrees,2,September 30,5,2000,spotify:track:1OvjOVieEsYqGiK1T3mUv9
September 30,"""With Arms Wide Open""",Creed,1,November 11,18,2000,spotify:track:0eKyHwckh9vQb8ncZ2DXCs
October 7,"""Bag Lady""",Erykah Badu,6,October 7,4,2000,spotify:track:7BgUcOjSOlKJXASLgJ6bx1
October 28,"""Gotta Tell You""",Samantha Mumba,4,December 9,9,2000,spotify:track:1rj0XawWJNisX7SGYexowJ
November 4,"""This I Promise You""",'N Sync,5,December 2,9,2000,spotify:track:46n2EGFnPC3tzWCN1Aqe26
November 4,"""Case of the Ex""",Mýa,2,December 2,13,2000,spotify:track:1ak0S3NhwWrUgNlQhJ1412
November 25,"""Shape of My Heart""",Backstreet Boys,9,December 2,3,2000,spotify:track:35o9a4iAfLl5jRmqMX9c1D
November 18,"""The Way You Love Me""",Faith Hill,6,January 13,13,2001,spotify:track:6vgN6KGstss0GnBbKlMNK9
December 16,"""Ms Jackson""",Outkast,1,February 17,12,2001,spotify:track:0I3q5fE6wg7LIfHGngUTnV
December 30,"""Dance with Me""",Debelah Morgan,8,January 6,3,2001,spotify:track:1C2Q3AymKS17bw7T5gfq6p
January 6,"""Liquid Dreams""",O-Town,10,January 6,1,2001,spotify:track:2Pxzfzd1jaZT2F2uqLkZUr
January 20,"""Again"" #9",Lenny Kravitz,4,February 17,14,2001,spotify:track:331XlastL2mAObii2BetZV
January 20,"""Love Dont Cost a Thing""",Jennifer Lopez,3,February 24,10,2001,spotify:track:1fgvJXlcZ7uIddMpqsqw0L
February 3,"""Dont Tell Me""",Madonna,4,February 3,8,2001,spotify:track:7DOtIhTTpPZyjvbO509hSC
March 10,"""Butterfly""",Crazy Town,1,March 24,8,2001,spotify:track:4BggEwLhGfrbrl7JBhC8EC
March 10,"""Its Over Now""",112,6,March 17,3,2001,spotify:track:769geiA8btidGHda4BBDOJ
March 10,"""Promise""",Jagged Edge,9,March 10,3,2001,spotify:track:1X1KDnhTnb28tpJlgOV3lD
March 31,"""Survivor""",Destiny's Child,2,April 14,11,2001,spotify:track:2Mpj1Ul5OFPyyP4wB62Rvi
March 31,"""Jaded""",Aerosmith,7,April 7,3,2001,spotify:track:6uhj7EIZZm3OwVr0gWfkQn
April 14,"""Missing You""",Case,4,April 28,5,2001,spotify:track:0CmXXEwul09Kf8X68lPA5l
April 14,"""Stranger in My House""",Tamia,10,April 14,2,2001,spotify:track:08GOEVXupC6ECbulhPGQKm
April 21,"""Hanging by a Moment"" #1",Lifehouse,2,June 16,20,2001,spotify:track:1wNNrDonBDbFrDZQTR5g4j
May 5,"""Follow Me""",Uncle Kracker,5,June 9,8,2001,spotify:track:4KoecuyOpZaNFZ0UqVsllc
May 5,"""Lady Marmalade""","Christina Aguilera, Lil' Kim, Mýa and Pink",1,June 2,12,2001,spotify:track:0AUyTvf8WV9fF6wtJ8nYQn
May 12,"""Never Had a Dream Come True""",S Club 7,10,May 12,2,2001,spotify:track:0fIG0HBRIjLRNDHAogtwSB
May 19,"""What Would You Do?""",City High,8,May 26,4,2001,spotify:track:1tJkic0TURTCXw3rBhYgWu
May 26,"""Im Like a Bird""",Nelly Furtado,9,May 26,1,2001,spotify:track:2aGw77pZqli064JiPuXYRi
May 26,"""Get Ur Freak On""",Missy Elliott,7,June 30,7,2001,spotify:track:6zsk6uF3MxfIeHPlubKBvR
June 9,"""My Baby""",Lil' Romeo,3,June 30,5,2001,spotify:track:0s9A4pUBLw68E76vY8LU9K
June 16,"""Drops of Jupiter Tell Me"" #4",Train,5,June 23,14,2001,spotify:track:1986o0GFfWBUQH79wn0rHt
June 16,"""Peaches & Cream""",112,4,July 7,8,2001,spotify:track:2SLZ2rX5773RS16mcqBxG7
June 30,"""There Youll Be""",Faith Hill,10,June 30,1,2001,spotify:track:1s2khOWzC99udpUaPICLJI
July 7,"""U Remind Me""",Usher,1,July 7,16,2001,spotify:track:2QsZVnbWVSjKMXK6K3uRBL
July 14,"""Hit Em Up Style Oops!""",Blu Cantrell,2,July 21,16,2001,spotify:track:4zYTZvtcww7OWKie7fxA9E
July 14,"""Bootylicious""",Destiny's Child,1,August 4,6,2001,spotify:track:41nT1Sp6ChR65FbsdLlFHW
July 14,"""Drive""",Incubus,9,July 28,3,2001,spotify:track:7nnWIPM5hwE3DaUBkvOIpy
July 21,"""All or Nothing""",O-Town,3,July 28,6,2001,spotify:track:1TBIHWmr1r34J2s0eSfA7U
August 4,"""Fallin"" #2",Alicia Keys,1,August 18,19,2001,spotify:track:5xpcR9uRVzasizP4mpwr2e
August 25,"""Its Been Awhile""",Staind,5,October 20,12,2001,spotify:track:25CMmGsl22APKhfuj4Tp7j
September 1,"""Someone to Call My Lover""",Janet Jackson,3,September 1,6,2001,spotify:track:43zr9kKkeiQrshvYuvNtfM
September 22,"""Family Affair""",Mary J. Blige,1,November 3,19,2001,spotify:track:3aw9iWUQ3VrPQltgwvN9Xu
September 22,"""You Rock My World""",Michael Jackson,10,September 22,1,2001,spotify:track:1Lhwn4PqeGpM4LTVUowW76
October 13,"""Differences""",Ginuwine,4,October 27,15,2001,spotify:track:0Uyh92tLyb9JawG8lmWCzJ
October 27,"""The Star Spangled Banner""",Whitney Houston,6,October 27,1,2001,spotify:track:5qByPJHfbssZpbUzhgpDCG
October 27,"""Hero""",Enrique Iglesias,3,November 17,14,2001,spotify:track:24Gxm7Eh7tO83E26LG0CsY
November 3,"""Turn Off the Light""",Nelly Furtado,5,November 10,8,2001,spotify:track:4gM2BugovNf4bvXdjZODzG
November 3,"""U Got It Bad""",Usher,1,December 15,20,2001,spotify:track:7J41dYQolQJEtj3UmKLu5r
November 10,"""Only Time""",Enya,10,November 10,3,2001,spotify:track:6FLwmdmW77N1Pxb1aWsZmO
November 17,"""How You Remind Me""",Nickelback,1,December 22,23,2001,spotify:track:0gmbgwZ8iqyMPmXefof8Yf
December 1,"""Emotion""",Destiny's Child,10,December 1,1,2001,spotify:track:01Aj44KIjCrPmZeXq4UOky
December 15,"""Whenever, Wherever""",Shakira,6,December 29,8,2001,spotify:track:2lnzGkdtDj5mtlcOW2yRtG
December 29,"""My Sacrifice""",Creed,4,February 9,11,2002,spotify:track:2VSbEXqs6NbNiZSTcHlIDR
January 5,"""A Womans Worth""",Alicia Keys,7,February 9,7,2002,spotify:track:1NRorokmYEtr1koWybvaE4
January 26,"""Wherever You Will Go""",The Calling,5,March 16,11,2002,spotify:track:5QpaGzWp0hwB5faV8dkbAz
February 2,"""In the End""",Linkin Park,2,March 30,13,2002,spotify:track:60a0Rd6pjrkxjPbaKzXjfq
February 23,"""What About Us?""",Brandy,7,March 16,5,2002,spotify:track:537F8BYzIMOZBl75qwCXy8
March 2,"""7 Days""",Craig David,10,March 2,1,2002,spotify:track:0gPQTLaqHDgdupKEok7J2x
March 9,"""Blurry""",Puddle of Mudd,5,May 11,13,2002,spotify:track:6lSr3iZTC144PKhvbPFzMp
March 16,"""Cant Get You Out of My Head""",Kylie Minogue,7,March 23,3,2002,spotify:track:3E7ZwUMJFqpsDOJzEkBrQ7
March 30,"""Foolish""",Ashanti,1,April 20,17,2002,spotify:track:6zMUIb4uce1CzpbjR3vMdN
April 6,"""U Dont Have to Call""",Usher,3,May 4,12,2002,spotify:track:5PCJldueshnwqQVjS16543
April 20,"""A Thousand Miles""",Vanessa Carlton,5,May 18,15,2002,spotify:track:4w1lzcaoZ1IC2K5TwjalRP
April 27,"""I Need a Girl Part One""",P. Diddy featuring Usher and Loon,2,May 25,11,2002,spotify:track:7x6dNrtwRBKwJtLsENBhYC
May 11,"""All You Wanted""",Michelle Branch,6,May 25,5,2002,spotify:track:0kr6d8wHDQPlzuET33NVn6
May 18,"""Underneath Your Clothes""",Shakira,9,May 18,1,2002,spotify:track:15f8Cv8RXUlOOCIf2oaceN
May 25,"""The Middle""",Jimmy Eat World,5,June 22,10,2002,spotify:track:6GG73Jik4jUlQCkKg9JuGO
May 25,"""Without Me""",Eminem,2,June 29,12,2002,spotify:track:7lQ8MOhq6IN2w8EYcFNSUk
June 1,"""Hot in Herre""",Nelly,1,June 29,18,2002,spotify:track:04KTF78FFg8sOHC1BADqbY
July 13,"""Complicated""",Avril Lavigne,2,August 3,16,2002,spotify:track:5xEM5hIgJ1jjgcEBfpkt2F
August 3,"""Just a Friend 2002""",Mario,4,August 24,8,2002,spotify:track:2cxbxpHrND6i4uvUGVvC9J
August 10,"""Nothin""",N.O.R.E.,10,August 10,4,2002,spotify:track:5ZKVNTG7yu7gbX4vryqS2X
August 24,"""Happy""",Ashanti,8,September 7,6,2002,spotify:track:6CbcdeTQKj0qTaZTt0xkdk
August 31,"""Cleanin Out My Closet""",Eminem,4,September 21,7,2002,spotify:track:7BMO7O7ImjV8HNTH74Tshv
September 14,"""One Last Breath""",Creed,6,September 28,7,2002,spotify:track:42T2QQv3xgBlpQxaSP7lnK
September 28,"""Gotta Get thru This""",Daniel Bedingfield,10,September 28,1,2002,spotify:track:747tpec1a0Hfqvj2za1pBs
October 5,"""A Moment Like This""",Kelly Clarkson,1,October 5,7,2002,spotify:track:4kvdX9zzsix7jYHsRVkVUH
October 12,"""Work It""",Missy Elliott,2,November 16,16,2002,spotify:track:3jagJCUbdqhDSPuxP8cAqF
October 19,"""Lose Yourself""",Eminem,1,November 9,16,2002,spotify:track:5Z01UMMf7V1o0MzF86s6WJ
October 19,"""Luv U Better""",LL Cool J,4,November 16,9,2002,spotify:track:7cGcyNd7NVvDIwCAQSbJLI
November 2,"""Sk8er Boi""",Avril Lavigne,10,November 2,1,2002,spotify:track:00Mb3DuaIH1kjrwOku9CGU
November 9,"""Die Another Day""",Madonna,8,November 9,4,2002,spotify:track:7DUpuAzGUyJaJB3p9BC3Ms
November 16,"""Gimme the Light""",Sean Paul,7,December 7,6,2002,spotify:track:3SCVtAJq8li6HlKfM4M08u
November 23,"""Jenny from the Block""",Jennifer Lopez featuring Jadakiss and Styles,3,December 7,9,2002,spotify:track:45BWoAVKPweZTPWzzFetSD
December 21,"""Beautiful""",Christina Aguilera,2,February 1,12,2003,spotify:track:3TCauNPqFiniaYHBvEVoHG
January 25,"""Cry Me a River""",Justin Timberlake,3,February 1,9,2003,spotify:track:7Lf7oSEVdzZqTA0kEDSlS5
January 25,"""Im With You""",Avril Lavigne,4,February 1,10,2003,spotify:track:1jlG3KJ3gdYmhfuySFfpO1
February 1,"""Miss You""",Aaliyah,3,April 5,13,2003,spotify:track:0tr492xughUjNeqSDDD5nK
February 15,"""In da Club""",50 Cent,1,March 8,17,2003,spotify:track:4RY96Asd9IefaL3X4LOLZ8
March 15,"""Ignition Remix""",R. Kelly,2,March 29,15,2003,spotify:track:5dNfHmqgr128gMY2tc5CeJ
March 29,"""How You Gonna Act Like That""",Tyrese,7,March 29,4,2003,spotify:track:3OUApyz3jDB3syGUNGqB1d
April 5,"""Get Busy""",Sean Paul,1,May 10,17,2003,spotify:track:5qTvkDrSfvwDv6RBjjcfQr
April 5,"""When Im Gone""",3 Doors Down,4,April 26,10,2003,spotify:track:3WbphvawbMZ8FyqDxYGdSQ
May 3,"""Rock Your Body""",Justin Timberlake,5,May 10,7,2003,spotify:track:1AWQoqb9bSvzTjaLralEkT
May 10,"""Bring Me to Life""",Evanescence,5,June 7,12,2003,spotify:track:0COqiPhxzoWICwFCS4eZcp
June 14,"""Crazy in Love""",Beyoncé featuring Jay-Z,1,July 12,16,2003,spotify:track:19lLzX7vt4BhrSOaHeRyn7
June 14,"""Unwell""",Matchbox Twenty,5,July 19,17,2003,spotify:track:6Bm6qUCSatPAqkQllFL7oA
June 21,"""Rock wit U Awww Baby""",Ashanti,2,August 2,9,2003,spotify:track:6pWzCKTrKrwbUPzY8RLCoP
June 28,"""This Is the Night""",Clay Aiken,1,June 28,4,2003,spotify:track:2xnVdRMaQBkRfZyefKC2ec
June 28,"""Flying Without Wings""",Ruben Studdard,2,June 28,2,2003,spotify:track:4vzYcDxBXAUPYDUna4BVeE
July 12,"""Right Thurr""",Chingy,2,August 9,17,2003,spotify:track:0l3GEbH3CviUytD6iX4wzg
July 12,"""So Gone""",Monica,10,July 12,1,2003,spotify:track:6BIcjFZIVDZxNAcofRFPx4
July 19,"""Miss Independent""",Kelly Clarkson,9,July 19,3,2003,spotify:track:2CZi8d774dBB0wiuWMIpr8
July 26,"""In Those Jeans""",Ginuwine,8,August 2,5,2003,spotify:track:5ojJNnX5ND2gMGojPd3NiO
August 9,"""Where Is the Love?""",The Black Eyed Peas,8,August 9,9,2003,spotify:track:7iInDTMvYQrZnELy6nJ15s
August 23,"""Shake Ya Tailfeather""","Nelly, P. Diddy and Murphy Lee",1,September 6,12,2003,spotify:track:1lKS7SZQ7r5vOChLwJurmm
October 18,"""Here Without You""",3 Doors Down,5,November 8,17,2003,spotify:track:3NLrRZoMF0Lx6zTlYqeIo4
October 25,"""Rain on Me""",Ashanti,7,November 8,4,2003,spotify:track:1YZBMqN8kHaaRPXpQTC3kb
November 15,"""Walked Outta Heaven""",Jagged Edge,6,December 20,10,2003,spotify:track:06ZDLodo1UDVavc3MXREZ3
November 22,"""Hey Ya!""",Outkast,1,December 13,17,2003,spotify:track:2PpruBYCo4H7WOBJ7Q2EwM
November 22,"""Step in the Name of Love""",R. Kelly,9,December 13,4,2003,spotify:track:7lrAsaTw9CTh5uSr0fvHOd
December 13,"""Milkshake""",Kelis,3,December 27,9,2003,spotify:track:2s0ouHqJebHfiQ6C1GUFJd
December 27,"""Change Clothes""",Jay-Z,10,December 27,1,2003,spotify:track:1xE7osYAtzz1PvLoVdOp5E
December 20,"""You Dont Know My Name""",Alicia Keys,3,January 31,11,2004,spotify:track:6LGwYMXXgURfaequXipzHx
January 3,"""Me, Myself and I""",Beyoncé,4,February 21,11,2004,spotify:track:6XsT5UGfpaFeHQf5LRIy4W
January 31,"""Its My Life""",No Doubt,10,January 31,2,2004,spotify:track:2fOxxLz9JVe53itq6pfBak
January 31,"""Someday""",Nickelback,7,February 14,4,2004,spotify:track:4PkJ7c9y1CwpuVOiJODnCZ
February 14,"""Hotel""",Cassidy featuring R. Kelly,4,March 27,9,2004,spotify:track:2do7t1NMxLTgblFuCvn7H7
February 21,"""Sorry 2004""",Ruben Studdard,9,February 28,4,2004,spotify:track:2u34ZVPVlr7hfN7vDr1512
February 28,"""Tipsy""",J-Kwon,2,April 17,12,2004,spotify:track:0jSMveIWvnhDIvzqN74Uc7
March 6,"""Splash Waterfalls""",Ludacris,6,March 20,6,2004,spotify:track:2T8hXV9LUZMDBKR5RALGEa
March 20,"""Dirt Off Your Shoulder""",Jay-Z,5,April 10,7,2004,spotify:track:3IrkbGQCoEPAkzJ0Tkv8nm
March 20,"""My Immortal""",Evanescence,7,April 10,5,2004,spotify:track:4UzVcXufOhGUwF56HT7b8M
March 20,"""Toxic""",Britney Spears,9,March 27,3,2004,spotify:track:6I9VzXrHxO9rA9A5euc8Ak
April 3,"""Solitaire""",Clay Aiken,4,April 3,1,2004,spotify:track:4nl0AClM6HOOKwHJwLezEK
April 3,"""This Love""",Maroon 5,5,April 24,14,2004,spotify:track:6ECp64rv50XVz93WvxXMGF
April 10,"""Burn""",Usher,1,May 22,18,2004,spotify:track:7z3N2W7Xz1t2G2sAO8wFVH
April 17,"""Naughty Girl""",Beyoncé,3,June 5,11,2004,spotify:track:0YGQ3hZcRLC5YX7o0hdmHg
April 24,"""If I Aint Got You""",Alicia Keys,4,July 3,20,2004,spotify:track:3XVBdLihbNbxUwZosxcGuJ
April 24,"""My Band""",D12,6,May 15,5,2004,spotify:track:4XHQyvbrBsQaaBUW1VvmsL
May 8,"""Overnight Celebrity""",Twista,6,May 22,9,2004,spotify:track:2tOZtdbkAMQASWokLvSlzj
May 15,"""The Reason""",Hoobastank,2,June 19,14,2004,spotify:track:77loZpT5Y5PRP1S451P9Yz
May 29,"""Freek-a-Leek""[C]",Petey Pablo,7,July 3,7,2004,spotify:track:46NLwKEUdsgiV4jWKN7JQd
June 5,"""Confessions Part II""",Usher,1,July 24,13,2004,spotify:track:7wBThXx7BGZHJJ3aN3OPvv
June 12,"""Roses""",Outkast,9,June 19,2,2004,spotify:track:6bUNEbXT7HovLW6BgPCBsb
July 10,"""I Believe""",Fantasia,1,July 10,2,2004,spotify:track:2zZJnAlhgvW6DERn1tu3fb
July 10,"""On Fire""",Lloyd Banks,8,July 24,4,2004,spotify:track:0B2ZuTLZnWQ6gz8RlNwBu1
July 31,"""Dip It Low""",Christina Milian,5,August 21,9,2004,spotify:track:4L55p6txv9vuCWhpNnY6eY
August 28,"""Pieces of Me""",Ashlee Simpson,5,September 18,6,2004,spotify:track:7yXibbAYi4to5oQTeO738f
September 11,"""She Will Be Loved""",Maroon 5,5,September 25,11,2004,spotify:track:4llK75pXNWZz6KAho2Gp16
October 2,"""My Happy Ending""",Avril Lavigne,9,October 2,4,2004,spotify:track:6sqNctd7MlJoKDOxPVCAvU
October 9,"""Lose My Breath""",Destiny's Child,3,October 30,14,2004,spotify:track:4dvQg9sD8k9y4qiEURuj8v
October 16,"""Just Lose It""",Eminem,6,October 30,6,2004,spotify:track:0qcjuYtMWhBjXg0Xwt5SzS
October 30,"""Breakaway""[D]",Kelly Clarkson,6,November 20,10,2004,spotify:track:17xAjxyUW68z2BJ5tOQBee
November 27,"""Breathe""",Fabolous,10,November 27,1,2004,spotify:track:7fuoqve1SOEBmhc2PoQTF0
January 1,"""I Dont Want to Be""",Gavin DeGraw,10,January 1,2,2005,spotify:track:4vl2zwXsTmAxgu9iY0g6UK
January 8,"""Disco Inferno""",50 Cent,3,March 26,17,2005,spotify:track:69bHJ9qs5FrUJbKP8xU8uZ
January 22,"""How We Do""",The Game featuring 50 Cent,4,February 19,12,2005,spotify:track:4dvObSfgu2fiKIxcZxTaPs
February 5,"""Bring Em Out""",T.I.,9,February 5,1,2005,spotify:track:3CcvahnsiArpTHYQEWV2Au
March 5,"""Caught Up""",Usher,8,March 26,7,2005,spotify:track:5zdUc1JRCImBYcDWgvFNpE
April 16,"""Lonely""",Akon,4,April 23,7,2005,spotify:track:6ls5ulRydoPE7oWGPGBqFA
April 23,"""1 Thing""",Amerie,8,April 23,3,2005,spotify:track:1mnqraQ8oV8MX92rdOFLWW
April 23,"""Hollaback Girl"" #2",Gwen Stefani,1,May 7,18,2005,spotify:track:4JauPmOQRt5YTYakRhBAnD
April 23,"""Lonely No More""",Rob Thomas,6,May 21,6,2005,spotify:track:4faFAhOflLzhfJECveRwva
May 7,"""Speed of Sound""",Coldplay,8,May 7,2,2005,spotify:track:7clUVcSOtkNWa58Gw5RfD4
May 14,"""Just a Lil Bit""",50 Cent,3,June 18,12,2005,spotify:track:4nva9EpKntUTs6CRSGBCn9
May 14,"""Slow Down""",Bobby Valentino,8,May 21,3,2005,spotify:track:4Ilen0VxPEsVRLpnePji8P
May 14,"""We Belong Together""",Mariah Carey,1,June 4,23,2005,spotify:track:3LmvfNUQtglbTrydsdIqFU
May 28,"""Dont Phunk with My Heart""",The Black Eyed Peas,3,June 25,12,2005,spotify:track:3d6LsiS5epkRx9MQNF3THh
June 4,"""Switch""",Will Smith,7,June 18,5,2005,spotify:track:2bmxx16hNi3W5FGzfFO9xX
June 11,"""Mr Brightside""",The Killers,10,June 11,1,2005,spotify:track:003vvx7Niy0yvhvHt4a68B
June 18,"""Grind with Me""",Pretty Ricky,7,June 25,5,2005,spotify:track:3B7i9OKRRmIsSBHEbJz58Y
July 2,"""Inside Your Heaven""",Carrie Underwood,1,July 2,4,2005,spotify:track:3w8xlZi49MQuQkyyB5bi5e
July 9,"""Inside Your Heaven""",Bo Bice,2,July 9,2,2005,spotify:track:6SZBK8Z2Tdv7vgO3ZJnHTN
July 16,"""Pon de Replay""",Rihanna,2,July 30,11,2005,spotify:track:4TsmezEQVSZNNPv5RJ65Ov
August 13,"""Listen to Your Heart""",DHT,8,August 20,5,2005,spotify:track:5KqEPvurLuOoV64tNylPO6
August 13,"""You and Me""",Lifehouse,5,August 27,6,2005,spotify:track:0815caqt2Lytro5EIzMufT
August 27,"""Shake It Off""",Mariah Carey,2,September 10,13,2005,spotify:track:4VKnkoNNM6yTb4cXXX3wqD
September 3,"""Like You""",Bow Wow featuring Ciara,3,October 1,11,2005,spotify:track:0aoOyPtOvWQs6BnGnbFUlj
September 17,"""Sugar, Were Goin Down""",Fall Out Boy,8,September 17,5,2005,spotify:track:2TfSHkHiFO4gRztVIkggkE
September 24,"""My Humps""",The Black Eyed Peas,3,November 5,16,2005,spotify:track:0T6lVd2JSk7R803PfCXFJS
September 24,"""Wake Me Up When September Ends""",Green Day,6,October 15,7,2005,spotify:track:3ZffCQKLFLUvYM59XKLbVm
October 1,"""Play""",David Banner,7,October 15,4,2005,spotify:track:5CWyE2OcZI1HVnHBh4RrKF
October 8,"""Beverly Hills""",Weezer,10,October 8,1,2005,spotify:track:1yKu2MhpwzDXXH2tzG6xoa
October 8,"""Photograph""",Nickelback,2,October 22,17,2005,spotify:track:3hb2ScEVkGchcAQqrPLP0R
October 22,"""Because of You""",Kelly Clarkson,7,November 19,10,2005,spotify:track:3f3omU8n47Mqyab5nCaGyT
November 5,"""We Be Burnin""",Sean Paul,6,November 12,7,2005,spotify:track:4kOTDj4SiZPkW1p96WMDNv
November 19,"""Im Sprung""",T-Pain,8,November 19,2,2005,spotify:track:0DLOyyQvwPTSDKuhpzMMwA
November 26,"""Stickwitu""",The Pussycat Dolls,5,December 31,12,2005,spotify:track:4NjR63Up0uMkQBlKvlZd1l
December 3,"""Hung Up""",Madonna,7,December 3,2,2005,spotify:track:3850dYVgOFIXJh5U4BFEWH
December 17,"""Dont Forget About Us""",Mariah Carey,1,December 31,8,2005,spotify:track:1HkVSmzBbdZ5Bzdd00IZgh
December 17,"""When Im Gone""",Eminem,8,December 17,2,2005,spotify:track:2lRI7n5b9jlPYsEpRuots6
November 26,"""Laffy Taffy""",D4L,1,January 14,11,2006,spotify:track:2ajhenDRiiAnCHHjsIOHhJ
December 31,"""There It Go The Whistle Song""",Juelz Santana,6,January 28,5,2006,spotify:track:50UkypyQJbSQLaXHke5Yep
January 14,"""Dance, Dance""",Fall Out Boy,9,January 14,1,2006,spotify:track:0a7BloCiNzLDD9qSQHh5m7
January 21,"""Dirty Little Secret""",The All-American Rejects,9,January 21,3,2006,spotify:track:5lDriBxJd22IhOH9zTcFrV
January 28,"""Be Without You""",Mary J. Blige,3,February 11,14,2006,spotify:track:6Y3WvyUG9iE5bQYg38SPtQ
February 11,"""So Sick""",Ne-Yo,1,March 18,11,2006,spotify:track:6brl7bwOHmGFkNw3MBqssT
February 18,"""Yo Excuse Me Miss""",Chris Brown,7,February 18,8,2006,spotify:track:7DFnq8FYhHMCylykf6ZCxA
February 25,"""Temperature"" #2",Sean Paul,1,April 1,17,2006,spotify:track:2BDTYAe51lKG7w5XMCVeyg
March 11,"""Everytime We Touch""",Cascada,10,March 11,1,2006,spotify:track:5YJtMNWKe55yr49cyJgxva
March 25,"""Bad Day"" #1",Daniel Powter,1,April 8,14,2006,spotify:track:31TNOOTqabS9UjUD5ScPPF
April 15,"""What You Know""",T.I.,3,April 22,8,2006,spotify:track:0CAJdthKDdRjB2h8YOguN6
April 22,"""What Hurts the Most""",Rascal Flatts,6,April 29,2,2006,spotify:track:4bVuIlGQBMWS7vIhcx8Ae4
April 29,"""Dani California""",Red Hot Chili Peppers,6,May 27,7,2006,spotify:track:10Nmj3JCNoMeBQ87uw5j8k
May 13,"""SOS""",Rihanna,1,May 13,6,2006,spotify:track:30cSNer6TV8x2utjULVeQ5
May 13,"""Whats Left of Me""",Nick Lachey,6,May 13,3,2006,spotify:track:1bPqAXwNiVcM6zjJU1Z4Cd
May 20,"""Over My Head Cable Car""",The Fray,8,June 3,8,2006,spotify:track:1N62wozuHCvczCkY4QidpP
June 10,"""Me & U""",Cassie,3,July 22,15,2006,spotify:track:7k6IzwMGpxnRghE7YosnXT
June 17,"""Unfaithful""",Rihanna,6,July 22,8,2006,spotify:track:13xxBnXOuiBxVxJI458B0i
July 1,"""Do I Make You Proud""",Taylor Hicks,1,July 1,2,2006,spotify:track:3lxFENvLW8nxXAbNfkZ7IJ
July 1,"""Life Is a Highway""",Rascal Flatts,7,July 1,2,2006,spotify:track:2Fs18NaCDuluPG1DHGw1XG
July 8,"""Aint No Other Man""",Christina Aguilera,6,July 15,9,2006,spotify:track:7huo2wvrCgRucUsjdSDLQV
July 29,"""Buttons""",The Pussycat Dolls featuring Snoop Dogg,3,September 23,11,2006,spotify:track:2ICylmg7jCYdOWUFNa8VW7
August 12,"""London Bridge""",Fergie,1,August 19,10,2006,spotify:track:7jRoWfRlLnGYEIEn4t4kbq
August 19,"""I Write Sins Not Tragedies""",Panic! at the Disco,7,August 26,3,2006,spotify:track:4bPQs0PHn4xbipzdPfn6du
August 26,"""Sexy Love""",Ne-Yo,7,September 23,5,2006,spotify:track:10aWGOqSDBqvNzJ9NeKDbK
September 9,"""Call Me When Youre Sober""",Evanescence,10,September 9,1,2006,spotify:track:663Karu2rvKLdnY0eo1n3M
September 16,"""Chasing Cars""",Snow Patrol,5,October 14,13,2006,spotify:track:5hnyJvgoWiQUYZttV4wXy6
September 16,"""Far Away""",Nickelback,8,September 23,6,2006,spotify:track:0ADZ5dmXhlfzjMw6lefoPl
September 23,"""Lips of an Angel""",Hinder,3,October 14,16,2006,spotify:track:40LQiUUUKXVGyNs09lHVjW
September 30,"""Chain Hang Low""",Jibbs,7,October 21,5,2006,spotify:track:0tYPj0NYa7vjlJaqlRSnJb
September 30,"""How to Save a Life""",The Fray,3,October 7,19,2006,spotify:track:5fVZC9GiM4e8vu99W0Xf6J
September 30,"""Too Little Too Late""",JoJo,3,September 30,6,2006,spotify:track:4T4NLIMypdmyUwK54jECk4
October 21,"""White & Nerdy""","""Weird Al"" Yankovic",9,October 21,1,2006,spotify:track:60R2v9lheAu3lwZwAFxMZK
November 11,"""Say Goodbye""",Chris Brown,10,November 11,2,2006,spotify:track:5F7IJrXD6Fa3EmqoYE0gU4
November 18,"""Irreplaceable""",Beyoncé,1,December 16,16,2006,spotify:track:6RX5iL93VZ5fKmyvNXvF1r
November 25,"""Show Me What You Got""",Jay-Z,8,November 25,1,2006,spotify:track:1SlPhbS52PbNqqVCqGU12I
December 9,"""Wind It Up""",Gwen Stefani,6,December 16,3,2006,spotify:track:1GeECVH4Msg1zLm8DExkbH
December 16,"""We Fly High""",Jim Jones,5,February 3,10,2007,spotify:track:3RGyFugqjQjlL8XX0NW8dZ
December 23,"""Say It Right"" #9",Nelly Furtado,1,February 24,14,2007,spotify:track:1mWD85cAyCUifduqXqjeBH
January 13,"""It Ends Tonight""",The All-American Rejects,8,January 13,3,2007,spotify:track:1FMHNVeJ9s1x1l1WlaRs2I
January 20,"""Welcome to the Black Parade""",My Chemical Romance,9,January 20,3,2007,spotify:track:5wQnmLuC1W7ATsArWACrgW
February 3,"""This Aint a Scene, Its an Arms Race""",Fall Out Boy,2,February 3,9,2007,spotify:track:1oagRT7LfpVlNJN6FSZDGp
February 3,"""Its Not Over""",Daughtry,4,February 10,10,2007,spotify:track:234RqTZmnDTnxWlVciXHLD
February 10,"""What Goes Around Comes Around""",Justin Timberlake,1,March 3,9,2007,spotify:track:3pD0f7hSJg2XdQ6udw5Tey
February 17,"""Walk It Out""",Unk,10,February 17,1,2007,spotify:track:6PBAPjshd2JfEiWpdf3C2a
March 3,"""Dont Matter""",Akon,1,April 7,13,2007,spotify:track:7I6DceMT3utDOHjcYCbrr4
March 10,"""This Is Why Im Hot""",Mims,1,March 10,9,2007,spotify:track:0AA6zq5ArZ1sSH7VIMi4NK
March 17,"""Girlfriend""",Avril Lavigne,1,May 5,18,2007,spotify:track:45hOioMDJktr86iKDHC8gr
April 14,"""Last Night""",Diddy featuring Keyshia Cole,10,April 14,2,2007,spotify:track:61u8YHgwacXM9Sm5JOblkp
April 21,"""What Ive Done""",Linkin Park,7,April 21,1,2007,spotify:track:18lR4BzEs7e3qzc0KVkTpU
May 12,"""Never Again""",Kelly Clarkson,8,May 12,2,2007,spotify:track:24y3tSyLdRbpVsKhQrR2oj
May 12,"""Because of You""",Ne-Yo,2,May 19,3,2007,spotify:track:6CFPFnS9EcLs2I0nWqtWci
May 12,"""Makes Me Wonder""",Maroon 5,1,May 12,12,2007,spotify:track:1lHXlGlve5Zx8tXLhyjDwM
May 26,"""Pop, Lock & Drop It""",Huey,6,June 2,5,2007,spotify:track:6DbqCKweKwVkHgRv1CI53D
June 2,"""Home""",Daughtry,5,June 2,3,2007,spotify:track:2mobr1UlKjhxDTOVqng3jw
June 2,"""Summer Love""",Justin Timberlake,6,June 9,7,2007,spotify:track:1MBM7CyZbwJpVbbZJnHHRg
June 9,"""Big Girls Dont Cry"" #4",Fergie,1,September 8,21,2007,spotify:track:6HjhauSBJs051TFjAt9glx
June 9,"""Party Like a Rockstar""",Shop Boyz,2,June 9,11,2007,spotify:track:07SajbxT3mMTKhbkGjVMBW
June 23,"""Rehab""",Amy Winehouse,9,June 30,4,2007,spotify:track:3N4DI1vuTSX1tz7fa2NQZw
June 30,"""Lip Gloss""",Lil Mama,10,June 30,1,2007,spotify:track:1Y4ZdPOOgCUhBcKZOrUFiS
July 14,"""The Way I Are""",Timbaland featuring Keri Hilson and D.O.E.,3,August 25,19,2007,spotify:track:2NkDQv8y2DkoYQURdiZCOk
July 21,"""A Bay Bay""",Hurricane Chris,7,July 28,7,2007,spotify:track:2oWbOh3tLluqTdYL5OEDvs
July 21,"""Big Things Poppin Do It""",T.I.,9,July 21,1,2007,spotify:track:0eMdAjfAfGS1AoeXgiyGXP
August 4,"""What Time Is It?""",High School Musical Cast,6,August 4,1,2007,spotify:track:5XiVbtlbe0xlExhSLuLFmp
August 4,"""Sorry, Blame It on Me""",Akon,7,August 4,1,2007,spotify:track:61BqwgSRTyWH9M4uPjsC3B
August 11,"""Beautiful Girls""",Sean Kingston,1,August 11,7,2007,spotify:track:1hGy2eLcmC8eKx7qr1tOqx
August 18,"""Stronger""",Kanye West,1,September 29,16,2007,spotify:track:0j2T0R9dR9qdJYsB7ciXhf
September 1,"""Crank That Soulja Boy""",Soulja Boy Tell 'Em,1,September 15,18,2007,spotify:track:66TRwr5uJwPt15mfFkzhbi
September 15,"""Rockstar""",Nickelback,6,September 22,4,2007,spotify:track:6n9yCXvLhnYMgJIiIcMu7D
September 29,"""Bed""",J. Holiday,5,October 6,5,2007,spotify:track:6TlRNJaezOdzdECnQeRuMM
October 6,"""Bubbly""",Colbie Caillat,5,October 27,17,2007,spotify:track:0rFOs9paloAvEtzwDX1Kmc
October 13,"""1234""",Feist,8,October 13,1,2007,spotify:track:2CzWeyC9zlDpIOZPUUKrBW
October 13,"""Gimme More""",Britney Spears,3,October 13,3,2007,spotify:track:6ic8OlLUNEATToEFU3xmaH
October 20,"""No One""",Alicia Keys,1,December 1,22,2007,spotify:track:6IwKcFdiRQZOWeYNhUiWIv
December 1,"""Clumsy""",Fergie,5,December 22,12,2007,spotify:track:50xeLNGKmskmYUSINhqvfa
December 22,"""Tattoo""",Jordin Sparks,8,December 29,6,2007,spotify:track:3Ui2jdyxbZQrZohfM0NOgG
November 24,"""Paralyzer""",Finger Eleven,6,January 5,9,2008,spotify:track:28IEbk5a7twNTbUEvWslUb
January 26,"""Take You There""",Sean Kingston,7,February 9,7,2008,spotify:track:6AdLyvisRKHLAwARaZMGr6
February 2,"""Dont Stop the Music""",Rihanna,3,February 16,10,2008,spotify:track:0ByMNEPAPpOR5H69DVrTNy
February 9,"""Sexual Eruption""",Snoop Dogg,7,March 1,6,2008,spotify:track:3nTHTulZtTJoM3cBJTuHrJ
February 16,"""New Soul""",Yael Naïm,7,February 23,2,2008,spotify:track:476JcJ3TpAuCOlGdCmomGm
February 23,"""Sorry""",Buckcherry,9,March 1,3,2008,spotify:track:0EbnUc05YEKhZRKgbrZWpq
March 29,"""Bleeding Love"" #2",Leona Lewis,1,April 5,20,2008,spotify:track:7nF8akJgcF1ZKE9EqmtmhS
April 12,"""Touch My Body""",Mariah Carey,1,April 12,8,2008,spotify:track:2aEuXA1KswHlCGPOuPmCOW
May 3,"""See You Again""",Miley Cyrus,10,May 3,1,2008,spotify:track:3AjyOYxBv8bByfBtG5o9dP
May 17,"""Leavin""",Jesse McCartney,10,May 17,3,2008,spotify:track:20ORwCJusz4KS2PbTPVNKo
May 17,"""Pocketful of Sunshine""",Natasha Bedingfield,5,July 5,11,2008,spotify:track:1uigwk5hNV84zRd5YQQRTk
May 24,"""Damaged""",Danity Kane,10,May 24,2,2008,spotify:track:4yHFxB8kzzeuNvoouR8N0N
May 24,"""Take a Bow""",Rihanna,1,May 24,16,2008,spotify:track:3goSVuTt3fDYDP6kRnFwuL
June 7,"""The Time of My Life""",David Cook,3,June 7,2,2008,spotify:track:6avyV3xlz2UFeiAUZ0SqyT
June 7,"""Viva la Vida""",Coldplay,1,June 28,16,2008,spotify:track:1mea3bSkSGXuIRvnydlB5b
June 14,"""I Kissed a Girl""",Katy Perry,1,July 5,14,2008,spotify:track:005lwxGU1tms6HGELIcUv9
June 28,"""Shake It""",Metro Station,10,June 28,1,2008,spotify:track:5619Ojc6t9evEEs3B7Drhe
July 5,"""7 Things""",Miley Cyrus,9,July 26,3,2008,spotify:track:5ecZWU5uQOiCVSnPxBZNmT
July 5,"""When I Grow Up""",The Pussycat Dolls,9,July 5,2,2008,spotify:track:21pySLskKIKrhDziCX5ojQ
July 26,"""A Milli""",Lil Wayne,6,August 9,5,2008,spotify:track:4CPNhy7ewpOXsE0z3ujr49
August 9,"""Disturbia""",Rihanna,1,August 23,14,2008,spotify:track:2VOomzT6VavJOGBeySqaMc
August 16,"""Tonight""",Jonas Brothers,8,August 16,1,2008,spotify:track:7xZa00kpFR3r7UqeczbVPE
August 16,"""Closer""",Ne-Yo,7,September 27,9,2008,spotify:track:2XbfY2O2v3xwedUJ0J2kkr
August 23,"""Paper Planes""",M.I.A.,4,September 27,10,2008,spotify:track:1ixbwbeBi5ufN4noUKmW5a
August 30,"""Crush""",David Archuleta,2,August 30,1,2008,spotify:track:4wCD0qOFNRu1Q6O3N6ycm4
August 30,"""Change""",Taylor Swift,10,August 30,1,2008,spotify:track:7qEUFOVcxRI19tbT68JcYK
September 6,"""So What""",Pink,1,September 27,15,2008,spotify:track:7BpAEEZkSvvTjkFhxVY7zN
September 6,"""Whatever You Like""",T.I.,1,September 6,19,2008,spotify:track:1IAzD1muglOxOcPbUHs70R
September 13,"""Im Yours""",Jason Mraz,6,September 20,13,2008,spotify:track:1EzrEOXmMH3G43AXT1y7pA
October 4,"""Love Lockdown""",Kanye West,3,October 4,9,2008,spotify:track:1kxeWHF9PrCVZHvVskv8lg
October 4,"""Hot n Cold""",Katy Perry,3,November 22,18,2008,spotify:track:1y4eb6hmAvsqlDOl3fx9kk
October 18,"""Keeps Gettin Better""",Christina Aguilera,7,October 18,1,2008,spotify:track:0j0n5CUS1g3QSwDWg8r5qq
October 18,"""Gotta Be Somebody""",Nickelback,10,October 18,1,2008,spotify:track:06T10fEzN8ZCcqzQZYA184
October 25,"""Miss Independent""",Ne-Yo,7,December 13,7,2008,spotify:track:34ceTg8ChN5HjrqiIYCn9Q
October 25,"""Womanizer""",Britney Spears,1,October 25,13,2008,spotify:track:4fixebDZAVToLbUCuEloa2
November 1,"""Fearless""",Taylor Swift,9,November 1,1,2008,spotify:track:77sMIMlNaSURUAXq5coCxE
November 8,"""If I Were a Boy""",Beyoncé,3,November 8,10,2008,spotify:track:26NX1wPt1TRCH536yocd6i
November 15,"""Right Now Na Na Na""",Akon,8,November 29,4,2008,spotify:track:1ARJhjuI6TNYZCxYygFQ4F
December 6,"""Single Ladies Put a Ring on It""",Beyoncé,1,December 13,13,2008,spotify:track:2ZBNclC5wm4GtiWaeh0DMx
December 20,"""Circus""",Britney Spears,3,December 20,5,2008,spotify:track:7jk7gqyEonmVVYahZN5zhW
January 24,"""Gives You Hell"" #10",The All-American Rejects,4,March 7,14,2009,spotify:track:5Bx0dawJZ1k8H8BkXufHvz
February 7,"""My Life Would Suck Without You""",Kelly Clarkson,1,February 7,10,2009,spotify:track:4Dm32oO01YpIubCHaAtKkN
February 7,"""You Found Me""",The Fray,7,February 14,6,2009,spotify:track:4IoYz8XqqdowINzfRrFnhi
February 28,"""Poker Face"" #2",Lady Gaga,1,April 11,18,2009,spotify:track:2q55kslMGD7M0TVW85pcca
March 21,"""The Climb""",Miley Cyrus,4,May 2,8,2009,spotify:track:0V8FYVlBFuXXTIvRnMbZyS
April 11,"""Love Sex Magic""",Ciara featuring Justin Timberlake,10,April 11,1,2009,spotify:track:158q3fa4ZMoMYWdiYWD5NL
April 18,"""Boom Boom Pow"" #1",The Black Eyed Peas,1,April 18,19,2009,spotify:track:5JvgoDtwkLHlQQcJaxhCOI
April 18,"""Day n Nite""",Kid Cudi,3,May 9,9,2009,spotify:track:5wfllwdjglyQislkskYLBv
May 2,"""We Made You""",Eminem,9,May 2,1,2009,spotify:track:4UMTp91LHhvW33ol9ZQH0Q
May 9,"""Halo""",Beyoncé,5,May 23,8,2009,spotify:track:4JehYebiI9JE8sR8MisGVb
May 16,"""Dont Trust Me""",3OH!3,7,May 30,3,2009,spotify:track:3bsDo5vjjJI7O8VuytGIrc
May 30,"""Birthday Sex""",Jeremih,4,June 13,10,2009,spotify:track:4NpDZPwSXmL0cCTaJuVrCw
May 30,"""I Know You Want Me Calle Ocho""",Pitbull,2,June 20,10,2009,spotify:track:13plQdOoWSSXPRUSZc5FuM
June 6,"""Dont Stop Believin""",Glee Cast,4,June 6,1,2009,spotify:track:18k2vGf6TWpBoy8ASTuPdS
June 6,"""New Divide""",Linkin Park,6,June 6,3,2009,spotify:track:6Wx88Mv6b9ofjKMKkdwOJd
June 6,"""Waking Up in Vegas""",Katy Perry,9,August 8,4,2009,spotify:track:6fvxos1qSHrIgOkKw4dhWS
June 13,"""Fire Burning""",Sean Kingston,5,July 25,11,2009,spotify:track:2oENJa1T33GJ0w8dC167G4
June 13,"""LoveGame""",Lady Gaga,5,June 27,10,2009,spotify:track:0TcJ7QWpggdSg8t0fHThHm
June 20,"""Second Chance""",Shinedown,7,June 20,3,2009,spotify:track:0CwYG1UnRmOx8Q1EzElCIL
July 4,"""Best I Ever Had""",Drake,2,July 25,12,2009,spotify:track:3QLjDkgLh9AOEHlhQtDuhs
July 4,"""Every Girl""",Young Money,10,July 4,1,2009,spotify:track:6klZDCEsQzMELAPyovvpUw
July 18,"""You Belong With Me""",Taylor Swift,2,August 22,16,2009,spotify:track:3GCL1PydwsLodcpv0Ll1ch
July 25,"""He Could Be the One""",Hannah Montana,10,July 25,1,2009,spotify:track:07HPV6hzecJmMJwsIX8YVU
August 8,"""Battlefield""",Jordin Sparks,10,August 8,1,2009,spotify:track:1Nme6K1PYAh7p7uygyuRdf
August 8,"""Use Somebody""",Kings of Leon,4,September 12,12,2009,spotify:track:5VGlqQANWDKJFl0MBG3sg2
August 22,"""Hotel Room Service""",Pitbull,8,September 19,6,2009,spotify:track:6Rb0ptOEjBjPPQUlQtQGbL
August 29,"""Party in the USA""",Miley Cyrus,2,August 29,16,2009,spotify:track:7t5YIq57DS5djsaZJm1iyM
September 19,"""Obsessed""",Mariah Carey,7,September 19,4,2009,spotify:track:3IcIIZMMS7UArJJPtEHXG8
September 19,"""Whatcha Say""",Jason Derulo,1,November 14,18,2009,spotify:track:67T6l4q3zVjC5nZZPXByU8
October 3,"""Paparazzi""",Lady Gaga,6,October 17,10,2009,spotify:track:7Hqig8kp32q2Ire3ECQvWM
October 24,"""3""",Britney Spears,1,October 24,11,2009,spotify:track:6pymOcrCnMuCWdgGVTvUgP
October 24,"""Fireflies""",Owl City,1,November 7,15,2009,spotify:track:3DamFFqW32WihKkTVlwTYQ
October 31,"""Meet Me Halfway""",The Black Eyed Peas,7,November 7,6,2009,spotify:track:7AEOX0MZG1oERKKPmVSMSF
November 7,"""Sweet Dreams""",Beyoncé,10,November 7,2,2009,spotify:track:1FKxKGONukVFXWVJxAKmlz
November 14,"""Bad Romance""",Lady Gaga,2,December 5,17,2009,spotify:track:0SiywuOBRcynK0uKGWdCnn
November 14,"""Jump Then Fall""",Taylor Swift,10,November 14,1,2009,spotify:track:2m3ObD945KvpE5y9A1eUWm
November 21,"""Russian Roulette""",Rihanna,9,November 21,1,2009,spotify:track:3rMsX63C0IZVnOT5LGYoTH
November 21,"""Replay""",Iyaz,2,January 9,14,2010,spotify:track:5vlEg2fT4cFWAqU5QptIpQ
November 28,"""Need You Now"" #2",Lady Antebellum,2,March 20,16,2010,spotify:track:6P3yFPfUPnEyghsOO07meH
November 28,"""Tik Tok"" #1",Kesha,1,January 2,20,2010,spotify:track:4585vvEL0rxaRloNCfgGGk
January 30,"""How Low""",Ludacris,6,February 13,7,2010,spotify:track:1WtTLtofvcjQM3sXSMkDdX
February 6,"""Today Was a Fairytale""",Taylor Swift,2,February 6,1,2010,spotify:track:2JoJrsEV15OzbijS47lids
February 13,"""Imma Be""",The Black Eyed Peas,1,March 6,11,2010,spotify:track:4EN6UosT26XBMgkI9eA48U
February 27,"""We Are the World 25 for Haiti""",Artists for Haiti,2,February 27,2,2010,spotify:track:07rhyW77lp2bGv8EQoZy6k
February 27,"""In My Head"" [B]",Jason Derulo,5,April 24,10,2010,spotify:track:2HR1IwQvkY21hM5mJJprYG
March 13,"""Rude Boy""",Rihanna,1,March 27,13,2010,spotify:track:60jzFy6Nn4M0iD1d94oteF
May 1,"""Whataya Want from Me""",Adam Lambert,10,May 1,1,2010,spotify:track:2rDwdvBma1O1eLzo29p2cr
May 1,"""Your Love Is My Drug""",Kesha,4,June 12,11,2010,spotify:track:6vc2Jq2vaGu8z326kSrw92
May 29,"""Alejandro""",Lady Gaga,5,June 26,7,2010,spotify:track:4lwavw59UjXUPJZtKNdFYp
June 5,"""Cant Be Tamed""",Miley Cyrus,8,June 5,1,2010,spotify:track:2r6DdaSbkbwoPzuK6NjLPn
June 12,"""Bulletproof""",La Roux,8,June 12,2,2010,spotify:track:3kMrazSvILsgcwtidZd1Qd
June 19,"""Rock That Body""",The Black Eyed Peas,9,June 19,2,2010,spotify:track:4e9AWHy3ULi2poxShu3Bn7
June 26,"""Find Your Love""",Drake,5,July 3,7,2010,spotify:track:4BycRneKmOs6MhYG9THsuX
July 3,"""Cooler Than Me""",Mike Posner,6,July 17,11,2010,spotify:track:2V4bv1fNWfTcyRJKmej6Sj
July 10,"""Ridin Solo"" [E]",Jason Derulo,9,July 17,7,2010,spotify:track:7atRUuBDLyWZgTsvHzTIqL
July 17,"""Dynamite"" #9",Taio Cruz,2,August 21,18,2010,spotify:track:3DqbShrr3AP6ciGNie9ENV
August 14,"""DJ Got Us Fallin in Love""",Usher featuring Pitbull,4,October 9,15,2010,spotify:track:5qxULZVAM943gPjtMaH5NX
August 14,"""Teenage Dream""",Katy Perry,1,September 18,14,2010,spotify:track:5jzKL4BDMClWqRguW5qZvh
September 4,"""Just the Way You Are""",Bruno Mars,1,October 2,22,2010,spotify:track:7BqBn9nzAq8spo5e7cZ0dJ
September 11,"""Take It Off""",Kesha,8,September 18,3,2010,spotify:track:0WCiI0ddWiu5F2kSHgfw5S
September 18,"""Just a Dream""",Nelly,3,October 23,17,2010,spotify:track:3ZdJffjzJWFimSQyxgGIxN
October 2,"""Only Girl In the World""",Rihanna,1,December 4,15,2010,spotify:track:2ENexcMEMsYk0rVJigVD3i
October 23,"""Speak Now""",Taylor Swift,8,October 23,1,2010,spotify:track:24DefNCFiWTP8OjYWiXuYe
October 30,"""Back to December""",Taylor Swift,6,October 30,1,2010,spotify:track:3DrjZArsPsoqbLzUZZV1Id
November 6,"""Raise Your Glass""",Pink,1,December 11,14,2010,spotify:track:0pHYH21o5nbgtrfULWIHzE
November 13,"""We R Who We R""",Kesha,1,November 13,14,2010,spotify:track:3LUWWox8YYykohBbHUrrxd
November 20,"""Firework""",Katy Perry,1,December 18,18,2010,spotify:track:4r6eNCsrZnQWJzzvFh4nlg
November 27,"""Teenage Dream""",Glee Cast,8,November 27,1,2010,spotify:track:2Igc5kWSzeztCCZInea9Mf
December 11,"""The Time Dirty Bit""",The Black Eyed Peas,4,December 18,10,2010,spotify:track:3TyIWEX7dDQI5tsKLEJtKA
January 8,"""Black and Yellow""",Wiz Khalifa,1,February 19,9,2011,spotify:track:5A6OHHy73AR5tLxgTc98zz
January 29,"""Hold It Against Me""",Britney Spears,1,January 29,5,2011,spotify:track:7Dyq1bhhjknLKEGg4k5NLr
February 12,"""Fuckin Perfect""",Pink,2,February 12,10,2011,spotify:track:1D9Vcei1RtcBcslsc8cj5A
February 26,"""Born This Way""",Lady Gaga,1,February 26,9,2011,spotify:track:6r2BECwMgEoRb5yLfp0Hca
March 19,"""Blow""[H]",Kesha,7,March 19,4,2011,spotify:track:3pYDZTJM2tVBUhIRifWVzI
April 2,"""Loser like Me""",Glee cast,6,April 2,1,2011,spotify:track:3iAvTn62s7rvE6hm6fFodt
April 2,"""Just Cant Get Enough"" #10",The Black Eyed Peas,3,April 16,13,2011,spotify:track:5YnZ18nansuPugJHK1P5HJ
April 9,"""No Sleep""",Wiz Khalifa,6,April 9,1,2011,spotify:track:2kzRSiyignH8yzPTrWvyPo
April 30,"""Judas""",Lady Gaga,10,April 30,1,2011,spotify:track:0QkWikH5Z3U0f79T9iuF6c
May 7,"""The Lazy Song""",Bruno Mars,4,June 18,10,2011,spotify:track:1ExfPZEiahqhLyajhybFeS
May 21,"""Just a Kiss""",Lady Antebellum,7,May 21,1,2011,spotify:track:2OXidlnDThZR3zf36k6DVL
May 28,"""The Edge of Glory"" [K]",Lady Gaga,3,May 28,11,2011,spotify:track:4TdvPpFYhg90jvBbYFXnkR
June 4,"""The Show Goes On""[L][M]",Lupe Fiasco,9,June 4,3,2011,spotify:track:2H9xkMwDVqXt8E2QCrlrxv
July 16,"""Good Life""[O]",OneRepublic,8,July 23,7,2011,spotify:track:6OtCIsQZ64Vs1EbzztvAv4
July 16,"""Tonight Tonight""",Hot Chelle Rae,7,August 6,6,2011,spotify:track:2i0AUcEnsDm3dsqLrFWUCq
July 30,"""Skyscraper""",Demi Lovato,10,July 30,1,2011,spotify:track:4B3RmT3cGvh8By3WY9pbIx
August 13,"""I Wanna Go""",Britney Spears,7,August 20,4,2011,spotify:track:5cCAZS9VhLGEDV4NCfieeg
August 27,"""Pumped Up Kicks""",Foster the People,3,September 10,14,2011,spotify:track:7w87IxuO7BDcJ3YUqCyMTT
September 17,"""Someone like You""",Adele,1,September 17,20,2011,spotify:track:1zwMYTA5nlNjZxYrvBB2pV
September 17,"""Yoü and I""[S]",Lady Gaga,6,September 17,5,2011,spotify:track:6rkAY9rk1NTFB94QxG3LJR
September 24,"""Cheers Drink to That""",Rihanna,7,October 8,3,2011,spotify:track:46MDLc0Yip6xCMSsdePOAU
November 12,"""Mr Know It All""",Kelly Clarkson,10,November 12,1,2011,spotify:track:7uRznL3LcuazKpwCTpDltz
November 26,"""If This Was a Movie""",Taylor Swift,10,November 26,1,2011,spotify:track:0vvt4IZOMkRug195S4MUq0
November 26,"""It Will Rain""",Bruno Mars,3,December 10,13,2011,spotify:track:0RUGuh2uSNFJpGMSsD1F5C
October 8,"""Sexy and I Know It""",LMFAO,1,January 7,21,2012,spotify:track:0obBFrPYkSoBJbvHfUIhkv
November 19,"""Good Feeling""[H]",Flo Rida,3,January 28,16,2012,spotify:track:468VT4OviO5T7NGZo5vvUS
December 3,"""The One That Got Away""",Katy Perry,3,January 7,11,2012,spotify:track:6hkOqJ5mE093AQf2lbZnsG
January 7,"""Set Fire to the Rain""",Adele,1,February 4,14,2012,spotify:track:73CMRj62VK8nUS4ezD2wvi
January 21,"""I Wont Give Up""",Jason Mraz,8,January 21,1,2012,spotify:track:53QF56cjZA9RTuuMZDrSA6
January 28,"""Rack City""[D]",Tyga,7,February 18,4,2012,spotify:track:2Pi11XaXLiQFtknSnoVbQ3
February 4,"""Domino""",Jessie J,6,February 18,3,2012,spotify:track:6MAdEUilV2p9RQUqE5bMAK
February 4,"""Stronger What Doesnt Kill You"" #7",Kelly Clarkson,1,February 18,16,2012,spotify:track:2BqSKeUHLR7o30IEt9OJa4
March 3,"""Part of Me""",Katy Perry,1,March 3,9,2012,spotify:track:6yARPLK0PV4heEyh7pVMGz
March 3,"""Turn Up the Music""",Chris Brown,10,March 3,1,2012,spotify:track:1RMRkCn07y2xtBip9DzwmC
April 14,"""Boyfriend""",Justin Bieber,2,April 14,12,2012,spotify:track:3UGIZ8qcrMTwzLbx6Kttqt
April 14,"""Call Me Maybe"" #2",Carly Rae Jepsen,1,June 23,23,2012,spotify:track:6B3OG0wC7TCoLytbm4LgS4
April 14,"""What Makes You Beautiful"" #10",One Direction,4,April 21,13,2012,spotify:track:2M4JeeHaLCAVgzze2C07zM
May 26,"""Drive By""",Train,10,May 26,2,2012,spotify:track:0KAiuUOrLTIkzkpfpn9jb9
June 16,"""Where Have You Been""",Rihanna,5,July 7,11,2012,spotify:track:5WQQIDU3HRaMyPkob8mpFb
June 23,"""Wide Awake""",Katy Perry,2,August 11,13,2012,spotify:track:5JLv62qFIS1DR3zGEcApRt
July 7,"""Scream""",Usher,9,August 4,6,2012,spotify:track:12eMQUn2GzfsfsQLH53M19
July 28,"""Whistle""",Flo Rida,1,August 25,12,2012,spotify:track:3bC1ahPIYt1btJzSSEyyrF
August 25,"""Some Nights""",Fun,3,September 29,19,2012,spotify:track:6t6oULCRS6hnI7rm0h5gwl
September 1,"""One More Night""",Maroon 5,1,September 29,21,2012,spotify:track:4XNrMwGx1SqP01sqkGTDmo
September 1,"""We Are Never Ever Getting Back Together""[M]",Taylor Swift,1,September 1,13,2012,spotify:track:0VwNdo84DaVYLIkbVO86ND
September 15,"""Everybody Talks""",Neon Trees,6,September 15,3,2012,spotify:track:2iUmqdfGZcHIhS3b9E9EWq
September 22,"""Too Close""",Alex Clare,7,October 27,10,2012,spotify:track:4sK96UnGx3NjBaqvfTG2dm
October 6,"""Gangnam Style""",Psy,2,October 6,12,2012,spotify:track:03UrZgTINDqvnUMbbIMhql
October 13,"""Begin Again""",Taylor Swift,7,October 13,1,2012,spotify:track:05GsNucq8Bngd9fnd4fRa0
October 20,"""Live While Were Young""",One Direction,3,October 20,1,2012,spotify:track:6Vh03bkEfXqekWp7Y1UBRb
October 20,"""Red""",Taylor Swift,6,October 20,1,2012,spotify:track:4OAuvHryIVv4kMDNSLuPt6
October 20,"""Skyfall""",Adele,8,October 20,1,2012,spotify:track:6VObnIkLVruX4UVyxWhlqm
October 27,"""Die Young""",Kesha,2,December 8,12,2012,spotify:track:7EQGXaVSyEDsCWKmUcfpLk
November 3,"""Diamonds""",Rihanna,1,December 1,15,2012,spotify:track:1z9kQ14XBSN0r2v6fx4IdG
November 3,"""Let Me Love You Until You Learn to Love Yourself""",Ne-Yo,6,December 1,8,2012,spotify:track:4kte3OcW800TPvOVgrLLj8
November 10,"""Dont Wake Me Up""",Chris Brown,10,November 10,1,2012,spotify:track:18VfHIPaCo0s6FTi1Fnp6T
November 10,"""Locked Out of Heaven""",Bruno Mars,1,December 22,20,2012,spotify:track:3w3y8KPTfNeOKPiqUTakBh
November 24,"""I Cry""",Flo Rida,6,December 22,9,2012,spotify:track:4bZd0nRuX8HyjeXAUBczvm
December 1,"""Ho Hey""",The Lumineers,3,December 29,14,2012,spotify:track:0W4Kpfp1w2xkY3PrV714B7
June 9,"""Home""",Phillip Phillips,6,January 19,13,2013,spotify:track:1EAgPzRbK9YmdOESSMUm6P
October 27,"""I Knew You Were Trouble""",Taylor Swift,2,January 12,16,2013,spotify:track:6FB3v4YcR57y4tXFcdxI1E
January 19,"""Scream & Shout""",will.i.am and Britney Spears,3,February 16,11,2013,spotify:track:2iJuuzV8P9Yz0VSurttIV5
February 16,"""Try""",Pink,9,February 16,1,2013,spotify:track:6yL8vmNnWrD1VdcV5VhXTt
February 23,"""Daylight""",Maroon 5,7,February 23,1,2013,spotify:track:6TwfdLbaxTKzQi3AgsZNzx
March 2,"""Started from the Bottom""",Drake,6,March 9,10,2013,spotify:track:5DI9jxTHrEiFAhStG7VA8E
April 13,"""Radioactive"" #3 [F]",Imagine Dragons,3,July 6,20,2013,spotify:track:2A7Ii10W85Jh6FxmWpeXwb
April 27,"""Heart Attack""",Demi Lovato,10,April 27,1,2013,spotify:track:1V6gIisPpYqgFeWbMLI0bA
May 4,"""Gentleman""",Psy,5,May 4,1,2013,spotify:track:26spalP6x2gUAab8rwB8dQ
May 25,"""Come & Get It""",Selena Gomez,6,May 25,9,2013,spotify:track:6LoQHIo74tOzQ8EsLEkhgF
July 6,"""Treasure""",Bruno Mars,5,August 3,9,2013,spotify:track:55h7vJchibLdUkxdlX3fK7
July 6,"""We Cant Stop""",Miley Cyrus,2,August 3,11,2013,spotify:track:2y4lAQpi5VTNLu2ldeTdUH
August 10,"""Best Song Ever""",One Direction,2,August 10,1,2013,spotify:track:5T7ZFtCcOgkpjxcuaeZbw0
August 17,"""Love Somebody""",Maroon 5,10,August 17,2,2013,spotify:track:0HnaqUxvHP5LaWdmWwJpiS
August 31,"""Applause""",Lady Gaga,4,September 7,14,2013,spotify:track:5ka2ajep9OAvU5Sgduhiex
September 7,"""Wake Me Up!""",Avicii,4,October 5,21,2013,spotify:track:0nrRP2bk19rLc0orkWPQk2
September 14,"""Berzerk""",Eminem,3,September 14,3,2013,spotify:track:6Xk7PnitV9jCRorWt2LiVZ
September 14,"""Royals""",Lorde,1,October 12,23,2013,spotify:track:2dLLR6qlu5UJ5gk0dKz0h3
September 28,"""Wrecking Ball""",Miley Cyrus,1,September 28,16,2013,spotify:track:2vwlzO0Qp8kfEtzTsCXfyE
October 12,"""The Fox What Does the Fox Say?""",Ylvis,6,October 19,5,2013,spotify:track:5HOpkTTVcmZHnthgyxrIL8
November 2,"""Rap God""",Eminem,7,November 2,1,2013,spotify:track:6or1bKJiZ06IlK0vFvY75k
November 9,"""Demons""",Imagine Dragons,6,December 7,12,2013,spotify:track:3LlAyCYU26dvFZBDUIMb7a
November 16,"""Story of My Life"" [M]",One Direction,6,November 16,7,2013,spotify:track:4nVBt6MZDDP6tRVdQTgxJg
November 23,"""Dope""",Lady Gaga,8,November 23,1,2013,spotify:track:1gPCk3KUE83rPdz9QqGsX9
December 14,"""Say Something""",A Great Big World and Christina Aguilera,4,December 28,14,2013,spotify:track:2HB1jDQn9hCojKIr6Yfhze
December 7,"""Let Her Go""",Passenger,5,February 22,12,2014,spotify:track:1KxwZYyzWNyZSRyErj2ojT
February 1,"""Pompeii""[D]",Bastille,5,March 15,15,2014,spotify:track:0Cpi4Gj7cjpCo8LaRV4N2C
February 1,"""Team""",Lorde,6,March 15,14,2014,spotify:track:3G6hD9B2ZHOsgf4WfNu7X1
February 15,"""Happy"" #1",Pharrell Williams,1,March 8,22,2014,spotify:track:1X9NVfPMpopapXyLoZrSCD
March 8,"""All of Me"" #3",John Legend,1,May 17,23,2014,spotify:track:2xLf8ZGtLuMQ3JZiwOz4AX
March 22,"""Let It Go""[E]",Idina Menzel,5,April 5,9,2014,spotify:track:5snmD0y4G0RTLrPyGY9sOW
March 29,"""The Man""",Aloe Blacc,8,April 12,5,2014,spotify:track:2stPxcgjdSImK7Gizl8ZUN
April 12,"""Turn Down for What""",DJ Snake and Lil Jon,4,June 14,15,2014,spotify:track:6h5yOjQNDaLZ0rW2OGoXTB
May 3,"""Not a Bad Thing""",Justin Timberlake,8,May 3,6,2014,spotify:track:3nB82yGjtbQFSU0JLAwLRH
May 24,"""Aint It Fun""",Paramore,10,May 24,1,2014,spotify:track:1j8z4TTjJ1YOdoFEDwJTQa
May 31,"""Love Never Felt So Good""",Michael Jackson and Justin Timberlake,9,May 31,1,2014,spotify:track:5IqInwwsuETolsprfOFwzR
May 31,"""A Sky Full of Stars""",Coldplay,10,May 31,1,2014,spotify:track:0FDzzruyVECATHXKHFs9eJ
June 7,"""Am I Wrong""",Nico & Vinz,4,July 5,14,2014,spotify:track:1fidCEsYlaVE3pHwKCvpFZ
June 14,"""Summer""",Calvin Harris,7,July 19,9,2014,spotify:track:6YUTL4dYpB9xZO5qExPf05
June 21,"""Stay With Me""#10",Sam Smith,2,August 16,21,2014,spotify:track:3zfC9c5lgHTe1iiksMlUy9
July 19,"""Maps""[G]",Maroon 5,6,August 9,8,2014,spotify:track:3wLaaXpoQb2WQ1ZOEYa7QJ
August 9,"""Chandelier""[I]",Sia,8,August 23,8,2014,spotify:track:1Pn68ypmSwzk8L1mHMc6zy
August 16,"""Bang Bang""","Jessie J, Ariana Grande and Nicki Minaj",3,October 4,16,2014,spotify:track:1z3Q0Vv26kdsSc8KshjNWX
August 23,"""Boom Clap""[F] [H]",Charli XCX,8,October 4,4,2014,spotify:track:4eET4U7z9rSfvvZv5lZe6n
September 6,"""Shake It Off""",Taylor Swift,1,September 6,24,2014,spotify:track:5xTtaWoae3wi06K5WfVUUH
September 6,"""Anaconda""",Nicki Minaj,2,September 6,8,2014,spotify:track:794F99D5BQHS5ZGRXAs7I5
October 11,"""Habits Stay High""",Tove Lo,3,November 8,10,2014,spotify:track:14OxJlLdcHNpgsm4DRwDOB
October 18,"""Animals""",Maroon 5,3,November 22,14,2014,spotify:track:2bL2gyO6kBdLkNSkxXNh6x
October 25,"""Hot Boy""",Bobby Shmurda,6,November 22,6,2014,spotify:track:0rFke7eNFHbGuGJUdRgjB2
November 1,"""Dont""[J] [K]",Ed Sheeran,9,November 15,3,2014,spotify:track:2Xqm0jHnkvjzrkkVRInzUB
November 8,"""Take Me to Church""",Hozier,2,December 20,20,2014,spotify:track:1CS7Sd1u5tWkstBhpssyjP
November 29,"""Blank Space""",Taylor Swift,1,November 29,17,2014,spotify:track:1p80LdxRV74UKvL8gnD7ky
November 29,"""Im Not the Only One""",Sam Smith,5,December 27,14,2014,spotify:track:7795WJLVKJoAyVoOtCWqXN
December 13,"""The Heart Wants What It Wants""",Selena Gomez,6,December 13,1,2014,spotify:track:6wJwkMo278iWVlWl1XQ4WA
December 20,"""Lips Are Movin""",Meghan Trainor,4,December 27,12,2014,spotify:track:6gj08XDlv9Duc2fPOxUmVD
November 29,"""Jealous""[A]",Nick Jonas,7,January 24,10,2015,spotify:track:0UuuJ7U7xs5vy7mjsANFyr
December 27,"""Thinking Out Loud"" #2",Ed Sheeran,2,January 31,23,2015,spotify:track:1bNtsB6x5OTUc9Dx0lf1U0
January 31,"""Sugar"" #5",Maroon 5,2,March 28,21,2015,spotify:track:2iuZJX9X9P0GKaE93xcPjk
February 7,"""Centuries""",Fall Out Boy,10,February 7,2,2015,spotify:track:04aAxqtGp5pv12UXAg4pkq
February 21,"""Love Me like You Do""",Ellie Goulding,3,March 7,15,2015,spotify:track:0Cy7wt6IlRfBPHXXjmZbcP
February 28,"""Style""",Taylor Swift,6,March 21,9,2015,spotify:track:4lIxdJw6W3Fg4vUIYCB0S5
March 14,"""Time of Our Lives""",Pitbull and Ne-Yo,9,March 21,4,2015,spotify:track:0peuBPX1WVjq3yY5dtR6zq
March 28,"""Lay Me Down""",Sam Smith,8,March 28,1,2015,spotify:track:0kX3Qqv8A9wrToPnqGJp33
May 9,"""Want to Want Me""",Jason Derulo,5,June 20,9,2015,spotify:track:7oGZAicScQt96OAW4AruYy
May 16,"""Nasty Freestyle""[F]",T-Wayne,9,May 16,4,2015,spotify:track:0PT7nlpo11hYYyfnBgtilT
June 20,"""Honey, Im Good""",Andy Grammer,9,June 20,3,2015,spotify:track:4MflGTO2ZTcSQ12bWcyRgI
June 27,"""Cheerleader""",Omi,1,July 25,16,2015,spotify:track:023OVLNzXhX0j7CxswUt6D
July 11,"""Cant Feel My Face""",The Weeknd,1,August 22,19,2015,spotify:track:22VdIZQfgXJea34mQxlt81
July 18,"""Fight Song""",Rachel Platten,6,August 29,9,2015,spotify:track:37f4ITSlgPX81ad2EvmVQr
August 22,"""Drag Me Down""",One Direction,3,August 22,1,2015,spotify:track:2K87XMYnUMqLcX3zvtAF4G
September 19,"""What Do You Mean?""",Justin Bieber,1,September 19,21,2015,spotify:track:4B0JvthVoAAuygILe3n4Bs
September 26,"""Photograph""",Ed Sheeran,10,September 26,1,2015,spotify:track:1HNkqx9Ahdgi1Ixy2xkKkL
October 3,"""Hotline Bling""",Drake,2,October 24,19,2015,spotify:track:0wwPcA6wtMf6HUMpIRdeP7
October 10,"""Wildest Dreams""",Taylor Swift,5,November 7,9,2015,spotify:track:1Ov37jtRQ2YNAe8HzfczkL
October 17,"""Stitches""",Shawn Mendes,4,November 7,18,2015,spotify:track:5jsw9uXEGuKyJzs0boZ1bT
November 7,"""Perfect""",One Direction,10,November 7,1,2015,spotify:track:3NLnwwAQbbFKcEcV8hDItk
November 14,"""Hello""",Adele,1,November 14,18,2015,spotify:track:62PaSfnXSMyLshYJrlTuL3
November 21,"""Focus""",Ariana Grande,7,November 21,1,2015,spotify:track:1cdzfFjEbUbgTm5nv3FgXR
November 28,"""Exs & Ohs""",Elle King,10,November 28,1,2015,spotify:track:70eDxAyAraNTiD6lx2ZEnH
November 14,"""Sorry"" #2",Justin Bieber,1,January 23,21,2016,spotify:track:4v4taAhTmIEDUZUqVgeIF9
December 5,"""Love Yourself"" [E] #1",Justin Bieber,1,February 13,24,2016,spotify:track:3qcsbSU91obxvi8fWH5gYn
December 5,"""Here""",Alessia Cara,5,February 6,11,2016,spotify:track:5zUQZjVB6bfewBXWqsP9PY
December 19,"""Same Old Love""",Selena Gomez,5,January 30,9,2016,spotify:track:1BZG99C7Co1r6QUC3zaS59
February 13,"""My House""",Flo Rida,4,March 19,11,2016,spotify:track:6Knv6wdA0luoMUuuoYi2i1
February 13,"""Hands to Myself""",Selena Gomez,7,February 13,1,2016,spotify:track:4sPgAVm1DQi7PDUjGmh54n
February 20,"""Pillowtalk""",Zayn,1,February 20,16,2016,spotify:track:0PDUDa38GO8lMxLCRc4lL1
February 20,"""Summer Sixteen""",Drake,6,February 20,1,2016,spotify:track:17Q87zeXgsAi9iQQbMu9v0
February 20,"""Me, Myself & I""",G-Eazy and Bebe Rexha,7,March 12,12,2016,spotify:track:40YcuQysJ0KlGQTeGUosTC
March 5,"""Cake by the Ocean""[C]",DNCE,9,March 12,7,2016,spotify:track:76hfruVvmfQbw0eYn1nmeC
March 19,"""Piece by Piece""",Kelly Clarkson,8,March 19,1,2016,spotify:track:3KbFtYPyVP6C7BQVgH2cCf
March 19,"""7 Years""",Lukas Graham,2,April 9,15,2016,spotify:track:5kqIPrATaCc2LqxVWzQGbk
March 26,"""I Took a Pill in Ibiza""[B]",Mike Posner,4,May 21,14,2016,spotify:track:5YtKi9jVWA2ciIQ9zFMbBH
April 2,"""Dangerous Woman""[F]",Ariana Grande,8,June 11,2,2016,spotify:track:5H7d8isXFW779pCK7lo4KT
April 9,"""No""",Meghan Trainor,3,April 16,5,2016,spotify:track:0l0CvurVUrr2w3Jj1hOVFc
May 14,"""Formation""",Beyoncé,10,May 14,1,2016,spotify:track:6g0Orsxv6glTJCt4cHsRsQ
July 2,"""Dont Mind""",Kent Jones,8,July 16,6,2016,spotify:track:27PmvZoffODNFW2p7ehZTQ
July 9,"""Ride""",Twenty One Pilots,5,September 10,13,2016,spotify:track:2Z8WuEywRWYTKe1NybPQEW
August 27,"""Heathens""",Twenty One Pilots,2,September 24,18,2016,spotify:track:6i0V12jOa3mr6uu4WYhUBr
September 10,"""Treat You Better""[K]",Shawn Mendes,6,October 8,8,2016,spotify:track:3lSjfRQk9NVgkt6rSQ5PkF
October 29,"""24K Magic""",Bruno Mars,4,December 10,15,2016,spotify:track:6b8Be6ljOzmkOmFslEb23P
November 12,"""Juju on that Beat TZ Anthem""",Zay Hilfigerrr & Zayion McCall,5,December 10,10,2016,spotify:track:6VQ1iGUwAyFugBI73h1iqs
December 31,"""Deja Vu""",J. Cole,7,December 31,1,2016,spotify:track:6I6NX6tjGsxFAsIfGzY9lJ
November 19,"""Fake Love""[A][E]",Drake,8,February 18,6,2017,spotify:track:1cwDVkRVdYb0rTrQOjDATh
January 28,"""Castle on the Hill""",Ed Sheeran,6,January 28,1,2017,spotify:track:6PCUP3dWmTjcTtXY02oFdT
February 11,"""Scars to Your Beautiful""",Alessia Cara,8,February 25,3,2017,spotify:track:0wI7QkCcs8FUQE1OkXUIqd
February 25,"""Million Reasons""",Lady Gaga,4,February 25,1,2017,spotify:track:7dZ1Odmx9jWIweQSatnRqo
February 25,"""Bounce Back""",Big Sean,6,February 25,5,2017,spotify:track:0SGkqnVQo9KPytSri1H6cF
March 4,"""Thats What I Like"" #3",Bruno Mars,1,May 13,28,2017,spotify:track:3S09ZENdIODy5iAr980g1f
March 4,"""Love on the Brain""",Rihanna,5,March 25,5,2017,spotify:track:5oO3drDxtziYU2H1X23ZIp
March 18,"""Tunnel Vision""",Kodak Black,6,March 25,6,2017,spotify:track:4Q3N4Ct4zCuIHuZ65E3BD4
April 8,"""Passionfruit""",Drake,8,April 8,2,2017,spotify:track:5mCPDVBb16L4XQwDdbRUpz
April 29,"""Sign of the Times""",Harry Styles,4,April 29,1,2017,spotify:track:5Ohxk2dO5COHF1krpoPigN
April 29,"""Mask Off""",Future,5,May 6,12,2017,spotify:track:0VgkVdmE4gld66l8iyGjgx
April 29,"""XO Tour Llif3""",Lil Uzi Vert,7,June 24,10,2017,spotify:track:7GX5flRQZVHRAGd6B4TmDO
May 6,"""DNA""",Kendrick Lamar,4,May 6,2,2017,spotify:track:6HZILIRieu8S0iqY8kIKhj
June 3,"""Malibu""",Miley Cyrus,10,June 3,1,2017,spotify:track:1UZOjK1BwmwWU14Erba9CZ
July 29,"""Theres Nothing Holdin Me Back""",Shawn Mendes,6,August 26,10,2017,spotify:track:7JJmb5XwzOO8jgpou264Ml
August 5,"""Attention""",Charlie Puth,5,August 26,10,2017,spotify:track:5cF0dROlMOK5uNZtivgu50
August 26,"""Bodak Yellow""",Cardi B,1,October 7,20,2017,spotify:track:6KBYefIoo7KydImq1uUQlL
September 16,"""Look What You Made Me Do""",Taylor Swift,1,September 16,8,2017,spotify:track:1P17dC1amhFzptugyAO7Il
September 23,"""Ready for It?""",Taylor Swift,4,September 23,1,2017,spotify:track:2yLa0QULdQr0qAIvVwN6B5
September 30,"""Too Good at Goodbyes""[P]",Sam Smith,4,November 25,16,2017,spotify:track:3Sr1EFb6rnniNq5Em47uLM
October 7,"""Feel It Still""",Portugal. The Man,4,November 4,11,2017,spotify:track:6QgjcU0zLnzq5OrUoSZ3OK
October 14,"""Sorry Not Sorry""[S]",Demi Lovato,6,November 11,7,2017,spotify:track:0yvPEnB032fojLfVluFjUv
October 21,"""Thunder""",Imagine Dragons,4,December 2,18,2017,spotify:track:1zB4vmk8tFRmM9UULNzbLB
November 18,"""Gucci Gang""[R]",Lil Pump,3,December 2,9,2017,spotify:track:6G5lqfhpv3r7APkQF1k9u1
December 23,"""Bad at Love""",Halsey,5,January 27,10,2018,spotify:track:7y9iMe8SOB6z3NoHE2OfXl
January 20,"""Filthy""",Justin Timberlake,9,January 20,1,2018,spotify:track:5ZpjODX6OH1xZs3AOewTO6
January 27,"""New Rules""",Dua Lipa,6,February 17,5,2018,spotify:track:2ekn2ttSfGqwhhate0LSR0
February 3,"""Diplomatic Immunity""",Drake,7,February 3,1,2018,spotify:track:4haJoBPbPj9QFKNpp9e8kx
February 17,"""Stir Fry""[D]",Migos,8,February 17,4,2018,spotify:track:5PSybqdu9rFvZd6DwHCZ0w
February 24,"""All the Stars""[E]",Kendrick Lamar and SZA,7,March 3,4,2018,spotify:track:3GCdLUSnKSMJhs4Tj6CV3s
April 14,"""Call Out My Name""",The Weeknd,4,April 14,1,2018,spotify:track:09mEdoA6zrmBPgTEN5qXmN
April 21,"""Nice for What""",Drake,1,April 21,17,2018,spotify:track:3CA9pLiwRIGtUBiMjbZmRw
April 28,"""Chun-Li""",Nicki Minaj,10,April 28,1,2018,spotify:track:1e4rwBPVI32vZtTJu7mJ4J
May 5,"""ATM""",J. Cole,6,May 5,1,2018,spotify:track:2UciqgwVDwro0fev3MFbxJ
May 5,"""KOD""",J. Cole,10,May 5,1,2018,spotify:track:7yotKA30dwTKNEGomV9ZsI
May 12,"""Never Be the Same""",Camila Cabello,6,May 12,3,2018,spotify:track:4eWQlBRaTjPPUlzacqEeoQ
May 12,"""Better Now""[N]",Post Malone,3,October 6,19,2018,spotify:track:7dt6x5M1jzdTEt8oCbisTK
May 19,"""This Is America""",Childish Gambino,1,May 19,5,2018,spotify:track:0b9oOr2ZgvyQu88wzixux9
June 2,"""Bood Up""[M]",Ella Mai,5,July 21,12,2018,spotify:track:0At2qAoaVjIwWNAqrscXli
June 2,"""Fake Love""",BTS,10,June 2,1,2018,spotify:track:6m1TWFMeon7ai9XLOzdbiR
June 16,"""Yikes""",Kanye West,8,June 16,1,2018,spotify:track:1qsHYUd2c1wFGcn7e63QmG
June 16,"""Lucid Dreams""[M]",Juice Wrld,2,October 6,26,2018,spotify:track:2Vs1v6UQy5z4X9eIldv6MS
July 14,"""Nonstop""",Drake,2,July 14,1,2018,spotify:track:0TlLq3lA83rQOYtrqBqSct
July 14,"""Im Upset""",Drake,7,July 14,1,2018,spotify:track:3qN5qMTKyEEmiTZD38BNTT
July 14,"""Emotionless""",Drake,8,July 14,1,2018,spotify:track:5Psnhdkyanjpgc2P8A5TSM
August 18,"""Sicko Mode""",Travis Scott,1,December 8,32,2018,spotify:track:2xLMifQCjDGFmkHkpNLD9h
August 18,"""Stargazing""",Travis Scott,8,August 18,1,2018,spotify:track:7wBJfHzpfI3032CSD7CE2m
September 1,"""God Is a Woman""",Ariana Grande,8,September 1,2,2018,spotify:track:5OCJzvD7sykQEKHH7qAC3C
September 15,"""The Ringer""",Eminem,8,September 15,1,2018,spotify:track:2jt2WxXMCD4zjACthkJQVE
September 22,"""I Love It""",Kanye West and Lil Pump,6,September 22,3,2018,spotify:track:4S8d14HvHb70ImctNgVzQQ
September 29,"""Killshot""",Eminem,3,September 29,2,2018,spotify:track:1jo3TwNGCXfNdB5uba3ZVv
September 29,"""Youngblood""",5 Seconds of Summer,7,October 20,7,2018,spotify:track:2iUXsYOEPhVqEBwsqP70rE
October 13,"""Uproar""",Lil Wayne,7,October 13,1,2018,spotify:track:3wScL5W8H40zzCKN0atfBk
October 20,"""Drip Too Hard""",Lil Baby and Gunna,4,October 20,15,2018,spotify:track:78QR3Wp35dqAhFEc2qAGjE
November 10,"""Mo Bamba""",Sheck Wes,6,December 8,6,2018,spotify:track:1xzBco0xcoJEDXktl7Jxrr
November 17,"""Thank U, Next""",Ariana Grande,1,November 17,17,2018,spotify:track:3e9HZxeyfWwjeyPAMmWSSQ
October 20,"""Shallow""[C]",Lady Gaga and Bradley Cooper,1,March 9,7,2019,spotify:track:2VxeLyX666F8uXCJ0dZF8B
November 24,"""High Hopes""",Panic! at the Disco,4,January 26,15,2019,spotify:track:1rqqCSm0Qe4I9rUvWncaom
January 19,"""Eastside""[B]","Benny Blanco, Halsey and Khalid",9,January 19,2,2019,spotify:track:7FGq80cy8juXBCD2nrqdWU
February 2,"""7 Rings"" #7",Ariana Grande,1,February 2,16,2019,spotify:track:6ocbgoVGwYJhOv1GgI9NsF
February 23,"""Break Up with Your Girlfriend, Im Bored""",Ariana Grande,2,February 23,2,2019,spotify:track:4kV4N9D1iKVxx1KLvtTpjS
March 9,"""Thotiana""[F]",Blueface,8,April 6,2,2019,spotify:track:5GBuCHuPKx6UC7VsSPK0t3
March 16,"""Sucker"" #10",Jonas Brothers,1,March 16,22,2019,spotify:track:6faTk1I4bQpCCypzHWJCUR
April 20,"""Better""",Khalid,8,April 20,1,2019,spotify:track:6zeeWid2sgw4lap2jV61PZ
May 25,"""I Dont Care""",Ed Sheeran and Justin Bieber,2,May 25,17,2019,spotify:track:3HVWdVOQ0ZA45FuZGSfvns
June 1,"""Sweet but Psycho""",Ava Max,10,June 1,3,2019,spotify:track:7DnAm9FOTWE3cUvso43HhI
June 8,"""Suge""",DaBaby,7,July 6,7,2019,spotify:track:2gwkD6igEhQbDQegRCcdoB
July 6,"""Señorita""",Shawn Mendes and Camila Cabello,1,August 31,23,2019,spotify:track:5rflUnAlkVJHOrqeD7D9lR
July 13,"""Truth Hurts""",Lizzo,1,September 7,22,2019,spotify:track:3HWzoMvoF3TQfYg4UPszDq
August 10,"""Ransom""",Lil Tecca,4,September 14,13,2019,spotify:track:1lOe9qE0vR9zwWQAOk6CoO
September 7,"""Lover""",Taylor Swift,10,September 7,1,2019,spotify:track:1dGr1c8CrMLDpV6mPbImSI
September 14,"""Circles""",Post Malone,1,November 30,39,2019,spotify:track:21jGcNKet2qwijlDFuPiPb
September 21,"""Someone You Loved""",Lewis Capaldi,1,November 2,27,2019,spotify:track:7qEHsqek33rTcFNT9PFqLf
September 28,"""Panini""",Lil Nas X,5,September 28,9,2019,spotify:track:1000nHvUdawXuUHgBod4Wv
October 19,"""Highest in the Room""",Travis Scott,1,October 19,4,2019,spotify:track:3eekarcy7kvN4yt5ZFzltW
October 19,"""10,000 Hours""[S][T]",Dan + Shay and Justin Bieber,4,October 19,14,2019,spotify:track:6tpKWKiK6nwGHcc4CA3wpC
October 26,"""Bandit""",Juice Wrld and YoungBoy Never Broke Again,10,October 26,1,2019,spotify:track:4ut2ympRtiLLrNvxGQs6zd
November 9,"""Lose You to Love Me""",Selena Gomez,1,November 9,10,2019,spotify:track:4l0Mvzj72xxOpRrp6h8nHi
November 9,"""Good as Hell""",Lizzo,3,November 30,11,2019,spotify:track:6KgBpzTuTRPebChN0VTyzV
November 9,"""Follow God""",Kanye West,7,November 9,1,2019,spotify:track:2QpGZOhTCHHiKmpSO9FW4h
November 30,"""Everything I Wanted""",Billie Eilish,8,November 30,8,2019,spotify:track:3ZCTVFBt2Brf31RLEnCkWJ
December 7,"""Roxanne""",Arizona Zervas,4,December 28,18,2019,spotify:track:696DnlkuDOXcMAnKlTgXXK
December 14,"""Heartless""",The Weeknd,1,December 14,2,2019,spotify:track:6bnF93Rx87YqUBLSgjiMU8
December 28,"""Futsal Shuffle 2020""",Lil Uzi Vert,5,December 28,1,2019,spotify:track:2Ec33AVlkTTq8BHFgBTdQs
November 16,"""Memories"" #8",Maroon 5,2,January 11,18,2020,spotify:track:0lq10VOOSeq3xjr3ucAlz0
December 21,"""Dance Monkey""[B]",Tones and I,4,February 29,11,2020,spotify:track:2XU0oxnq2qxCpomAAuJY8K
January 11,"""The Box"" #3",Roddy Ricch,1,January 18,25,2020,spotify:track:5IPlEPFCt3TSOp4RqGUp2m
January 18,"""Yummy""",Justin Bieber,2,January 18,2,2020,spotify:track:41L3O37CECZt3N7ziG2z7l
February 29,"""Blinding Lights"" [V] #1",The Weeknd,1,April 4,57,2020,spotify:track:2cDTqtFo6w0WpceOBVLtjk
March 7,"""On""",BTS,4,March 7,1,2020,spotify:track:5FVbvttjEvQ8r2BgUcJgNg
March 14,"""Stupid Love""",Lady Gaga,5,March 14,1,2020,spotify:track:7yBbV2k2S2uhaQc24NF2xt
March 21,"""Baby Pluto""",Lil Uzi Vert,6,March 21,1,2020,spotify:track:7hav1MHURQf5SAoPk0egqh
March 21,"""Lo Mein""",Lil Uzi Vert,8,March 21,1,2020,spotify:track:6CUP2khYzdphXebxVTfPE3
March 21,"""Silly Watch""",Lil Uzi Vert,9,March 21,1,2020,spotify:track:5egD7A5x9AHdVO2fMo3Wbo
April 18,"""Toosie Slide""",Drake,1,April 18,10,2020,spotify:track:127QTOFJsJQp5LbJbu3A1y
May 23,"""Gooba""",6ix9ine,3,May 23,1,2020,spotify:track:1XdbvPWz4lhyRBMz9cBy8b
June 6,"""Rain on Me""",Lady Gaga and Ariana Grande,1,June 6,4,2020,spotify:track:7ju97lgwC2rKQ6wwsf9no9
June 13,"""Roses""",Saint Jhn,4,July 4,13,2020,spotify:track:0zLCBJZSiELJf02ucPP9wb
June 27,"""The Bigger Picture""",Lil Baby,3,June 27,2,2020,spotify:track:44gRhRi2OhEf7moAUj6MD1
July 4,"""Blueberry Faygo""[L]",Lil Mosey,8,July 18,4,2020,spotify:track:22LAwLoDA5b4AaGSkg6bKW
July 11,"""We Paid""",Lil Baby and 42 Dugg,10,July 11,1,2020,spotify:track:5VzYwfpY9MWtmqNZ1YpoWN
July 25,"""Come & Go""",Juice Wrld and Marshmello,2,July 25,2,2020,spotify:track:2Y0wPrPQBrGhoLn14xRYCG
July 25,"""Wishing Well""",Juice Wrld,5,July 25,1,2020,spotify:track:2U5WueTLIK5WJLD7mvDODv
July 25,"""Conversations""",Juice Wrld,7,July 25,1,2020,spotify:track:4K06PO78fW4mnBVenxGNob
August 8,"""Cardigan""",Taylor Swift,1,August 8,2,2020,spotify:track:4R2kfaDFhslZEMJqAFNpdd
August 8,"""The 1""",Taylor Swift,4,August 8,1,2020,spotify:track:0Jlcvv8IykzHaSmj49uNW8
August 15,"""My Future""",Billie Eilish,6,August 15,1,2020,spotify:track:2ygvZOXrIeVL4xZmAWJT2C
August 22,"""Smile""",Juice Wrld and The Weeknd,8,August 22,1,2020,spotify:track:4l6cbvK4AVQUwMcGGFvOUm
August 22,"""Before You Go""[M][O]",Lewis Capaldi,9,September 26,4,2020,spotify:track:1KfxGxqKnk1cziGU1FdxNw
August 29,"""7 Summers""",Morgan Wallen,6,August 29,1,2020,spotify:track:4obHzpwGrjoTuZh2DItEMZ
November 7,"""Positions""",Ariana Grande,1,November 7,17,2020,spotify:track:35mvY5S1H3J2QZyna3TFe0
November 7,"""Forever After All""",Luke Combs,2,November 7,1,2020,spotify:track:6IBcOGPsniK3Pso1wHIhew
November 28,"""Therefore I Am""",Billie Eilish,2,November 28,1,2020,spotify:track:54bFM56PmE4YLRnqpW6Tha
December 5,"""Life Goes On""",BTS,1,December 5,1,2020,spotify:track:5FVbvttjEvQ8r2BgUcJgNg
December 5,"""Monster""",Shawn Mendes and Justin Bieber,8,December 5,1,2020,spotify:track:2Z8yfpFX0ZMavHkcIeHiO1
December 26,"""Willow""",Taylor Swift,1,December 26,1,2020,spotify:track:0lx2cLdOt3piJbcaXIV74f
August 1,"""Go Crazy""[A]",Chris Brown and Young Thug,3,March 6,13,2021,spotify:track:1IIKrJVP1C9N7iPtG6eOsK
January 16,"""Anyone""",Justin Bieber,6,January 16,1,2021,spotify:track:31qCy5ZaophVA81wtlwLc4
January 16,"""Bang!""",AJR,8,January 23,4,2021,spotify:track:5FQPpxOXsvkMN6v18gtpwY
January 23,"""Wasted on You""",Morgan Wallen,9,January 23,1,2021,spotify:track:3cBsEDNhFI9E82vPj3kvi3
January 23,"""Good Days""",SZA,9,February 6,3,2021,spotify:track:4PMqSO5qyjpvzhlLI5GnID
February 13,"""Whoopty""",CJ,10,February 13,1,2021,spotify:track:5vGLcdRuSbUhD8ScwsGSdA
February 20,"""Up""",Cardi B,1,March 27,12,2021,spotify:track:1XXimziG1uhM0eDNCZCrUl
February 20,"""What You Know Bout Love""[C][E]",Pop Smoke,9,March 13,4,2021,spotify:track:3iwAUF7ZtQdVkPy6qQrPgX
March 20,"""Whats Next""",Drake,1,March 20,3,2021,spotify:track:3mDFLytDotXo2p0rvfGbkA
April 17,"""Deja Vu""[F]",Olivia Rodrigo,3,June 5,15,2021,spotify:track:3nFhc5MvsnN4Fhl3XA2tjD
April 17,"""Astronaut in the Ocean""[F]",Masked Wolf,6,May 22,11,2021,spotify:track:1NawUUW8GmiRbJ9UkaKGY4
April 24,"""Rapstar""",Polo G,1,April 24,5,2021,spotify:track:18vXApRmJSgQ6wG2ll9AOg
May 15,"""Your Power""",Billie Eilish,10,May 15,1,2021,spotify:track:042Sl6Mn83JHyLEqdK7uI0
May 22,"""Interlude""",J. Cole,8,May 22,1,2021,spotify:track:0Px86mRlxdB3YqpK6KXWlr
May 29,"""Amari""",J. Cole,5,May 29,1,2021,spotify:track:5v2Q2VjK0LOxOW8J9AO4RL
June 5,"""Butter""",BTS,1,June 5,15,2021,spotify:track:6jjYDGxVJsWS0a5wlVF5vS
June 5,"""Traitor""",Olivia Rodrigo,9,June 5,1,2021,spotify:track:5CZ40GBx1sQ9agT82CLQCT
June 19,"""Yonaguni""",Bad Bunny,10,June 19,1,2021,spotify:track:2JPLbjOn0wPCngEot2STUS
July 10,"""Bad Habits""[K]",Ed Sheeran,2,August 28,26,2021,spotify:track:6OvZNs4JjdyebEiIi0jcaR
July 24,"""Permission to Dance""",BTS,1,July 24,3,2021,spotify:track:3XYRV7ZSHqIRDG87DKTtry
August 21,"""Take My Breath""",The Weeknd,6,August 21,1,2021,spotify:track:2vgUijXOTRMnWXDtvgMp2b
September 11,"""Hurricane""",Kanye West,6,September 11,1,2021,spotify:track:6Hfu9sc7jvv6coyy2LlzBF
September 11,"""Fancy Like""[K]",Walker Hayes,3,October 16,11,2021,spotify:track:2GgqnsIe9oNOfXN4YCI2eo
September 11,"""Jail""",Kanye West,10,September 11,1,2021,spotify:track:6d8HN8MqqbqrEUI2bvx0aG
September 18,"""Champagne Poetry""",Drake,4,September 18,1,2021,spotify:track:2HSmyk2qMN8WQjuGhaQgCk
September 18,"""TSU""",Drake,9,September 18,1,2021,spotify:track:4s7QLoImIwmPi9L6dq1nVW
October 30,"""Easy on Me""",Adele,1,October 30,23,2021,spotify:track:0gplL1WMoJ6iYaPgMCL0gX
November 6,"""Need to Know""",Doja Cat,8,November 13,9,2021,spotify:track:3Vi5XqYrmQgOYBajMWSvCi
November 20,"""One Right Now""",Post Malone and The Weeknd,6,November 20,1,2021,spotify:track:3Z9iVaKGEDZtd6jvzuoF0e
November 27,"""All Too Well Taylors Version""",Taylor Swift,1,November 27,2,2021,spotify:track:5enxwA8aAbwZbf5qCHORXi
December 4,"""Oh My God""",Adele,5,December 4,1,2021,spotify:track:3Kkjo3cT83cw09VJyrLNwX
December 18,"""I Hate U""",SZA,7,December 18,1,2021,spotify:track:2aJnyNu4PQxQ2lyj5boiMG
October 23,"""Shivers""[B] #5",Ed Sheeran,4,January 15,19,2022,spotify:track:1fIno2SVwLE4lrRML5LvXo
January 22,"""abcdefu""",Gayle,3,March 5,13,2022,spotify:track:4fouWK6XVHhzl78KzQ1UjL
January 29,"""Surface Pressure""",Jessica Darrow,8,February 12,4,2022,spotify:track:760jhRscwGbIIe1m1IIQpU
February 19,"""Do We Have a Problem?""",Nicki Minaj and Lil Baby,2,February 19,1,2022,spotify:track:2DXyGJeqvRior6VSJ90wvx
February 19,"""Ghost"" #8",Justin Bieber,5,April 2,12,2022,spotify:track:6ClQQ5Y8SpQrzqjBdcGgmM
March 26,"""Enemy""",Imagine Dragons and JID,5,April 9,8,2022,spotify:track:3CIyK1V4JEJkg02E4EJnDl
April 2,"""Woman""",Doja Cat,7,May 7,6,2022,spotify:track:6Uj1ctrBOjOas8xZXGqKk4
April 9,"""Big Energy""[M] #7",Latto,3,April 9,14,2022,spotify:track:4pi1G1x8tl9VfdD9bL3maT
April 30,"""Dont Think Jesus""",Morgan Wallen,7,April 30,1,2022,spotify:track:1TUuhV75FeOF6UObRsABo2
May 14,"""Puffin on Zootiez""",Future,4,May 14,1,2022,spotify:track:1qMMYpVatbRITKCfq1gasi
May 14,"""712PM""",Future,8,May 14,1,2022,spotify:track:3FSwpQ9dBZBeBV6UdYHI2R
May 21,"""Moscow Mule""",Bad Bunny,4,May 21,1,2022,spotify:track:6Xom58OOXk2SoU711L2IXO
May 21,"""Después de la Playa""",Bad Bunny,6,May 21,1,2022,spotify:track:1dm6z1fWB0cErMszU25dy2
May 21,"""About Damn Time""",Lizzo,1,July 30,22,2022,spotify:track:1PckUlxKqWQs3RlWXVBLw3
May 28,"""N95""",Kendrick Lamar,3,May 28,1,2022,spotify:track:0fX4oNGBWO3dSGUZcVdVV2
May 28,"""Die Hard""","Kendrick Lamar, Blxst and Amanda Reifer",5,May 28,1,2022,spotify:track:2g6tReTlM2Akp41g0HaeXN
May 28,"""Silent Hill""",Kendrick Lamar and Kodak Black,7,May 28,1,2022,spotify:track:3lzUeaCbcCDB5IXYfqWRlF
May 28,"""United in Grief""",Kendrick Lamar,8,May 28,1,2022,spotify:track:5Gt9bxniM1SxN61yRzRhXL
June 4,"""Music for a Sushi Restaurant""",Harry Styles,8,June 4,1,2022,spotify:track:5LYMamLv12UPbemOaTPyeV
June 4,"""Matilda""",Harry Styles,9,June 4,1,2022,spotify:track:6uvh0In7u1Xn4HgxOfAn8O
June 11,"""Running Up That Hill A Deal with God""",Kate Bush,3,July 30,15,2022,spotify:track:29d0nY7TzCoi22XBqDQkiP
June 25,"""Glimpse of Us""",Joji,8,July 2,3,2022,spotify:track:6xGruZOHLs39ZbVccQTuPZ
July 2,"""Sticky""",Drake,6,July 2,1,2022,spotify:track:4rmVZajAF7PkrCagGPHbqa
July 2,"""Falling Back""",Drake,7,July 2,1,2022,spotify:track:1vbn9fEyw1IYhqgZJdu9ZB
July 9,"""Break My Soul""",Beyoncé,1,August 13,10,2022,spotify:track:5pyoxDZ1PX0KxBxiRVxA4U
August 20,"""Bad Decisions""","Benny Blanco, BTS and Snoop Dogg",10,August 20,1,2022,spotify:track:0xzI1KAr0Yd9tv8jlIk3sn
August 27,"""Super Freaky Girl""[T]",Nicki Minaj,1,August 27,11,2022,spotify:track:38Fazsktd6NkZaMTwlOzgC
September 10,"""Hold Me Closer""",Elton John and Britney Spears,6,September 10,1,2022,spotify:track:72yP0DUlWPyH8P7IoxskwN
September 17,"""I Aint Worried""",OneRepublic,6,October 15,7,2022,spotify:track:4h9wh7iOZ0GGn8QVp4RAOB
October 1,"""The Kind of Love We Make""[S]",Luke Combs,8,October 1,3,2022,spotify:track:62K5C0fJteUzWm50lbE9Sc
October 22,"""Vegas""",Doja Cat,10,October 22,1,2022,spotify:track:0hquQWY3xvYqN4qtiquniF
October 29,"""California Breeze""",Lil Baby,4,October 29,1,2022,spotify:track:6ug9fUi5oLLgQgOF1G8WkM
October 29,"""Real Spill""",Lil Baby,10,October 29,1,2022,spotify:track:4OkFBMU18NidtaefaTjUq1
November 5,"""Anti-Hero""",Taylor Swift,1,November 5,12*,2022,spotify:track:0V3wPSX9ygBnCm8psDIegu
November 5,"""Lavender Haze""",Taylor Swift,2,November 5,2,2022,spotify:track:5jQI2r1RdgtuT8S3iG8zFC
November 5,"""Maroon""",Taylor Swift,3,November 5,1,2022,spotify:track:3eX0NZfLtGzoLUxPNvRfqm
November 5,"""Midnight Rain""",Taylor Swift,5,November 5,2,2022,spotify:track:3rWDp9tBPQR9z6U5YyRSK4
November 5,"""Bejeweled""",Taylor Swift,6,November 5,2,2022,spotify:track:3qoftcUZaUOncvIYjFSPdE
November 5,"""Question?""",Taylor Swift,7,November 5,1,2022,spotify:track:6C7OF1Jal7YkyjzyUG8vkK
November 5,"""Youre on Your Own, Kid""",Taylor Swift,8,November 5,1,2022,spotify:track:4D7BCuvgdJlYvlX5WlN54t
November 5,"""Karma""",Taylor Swift,9,November 5,1,2022,spotify:track:7KokYm8cMIXCsGVmUvKtqf
November 5,"""Vigilante Shit""",Taylor Swift,10,November 5,1,2022,spotify:track:1xwAWUI6Dj0WGC3KiUPN0O
November 12,"""Lift Me Up""[U]",Rihanna,2,November 12,2,2022,spotify:track:35ovElsgyAtQwYPYnZJECg
November 19,"""BackOutsideBoyz""",Drake,9,November 19,1,2022,spotify:track:0wshkEEcJUQU33RSRBb5dv
December 17,"""Creepin""","Metro Boomin, The Weeknd and 21 Savage",5,December 17,3*,2022,spotify:track:2dHHgzDwk4BJdRwy9uXhTO
December 17,"""Superhero Heroes & Villains""","Metro Boomin, Future and Chris Brown",8,December 17,1,2022,spotify:track:0vjeOZ3Ft5jvAi9SBFJm1j
December 24,"""Nobody Gets Me""",SZA,10,December 24,1,2022,spotify:track:5Y35SjAfXjjG0sFQ3KOxmm
